sim_id	k_cap_bind	k_start_uorf2	k_scan	k_elong	k_elong_stall	k_terminated_ssu_recycle_uorf2	uorf2_start	uorf2_stop	uorf3_start	uorf3_stop	orf_start	orf_stop	l_mrna	x_stall	k_scan_term_5_hit_80s	k_scan_term_both_hit_80s_40s	k_scan_term_both_hit_80s_80s
0	0.015625	0.1	2	2	0.001	2	25	88	94	103	229	274	277	85	2	2	2
1	0.015625	0.1	2	2	0.001	2	25	88	94	103	229	274	277	85	200	200	200
2	0.015625	0.1	2	2	0.001	2495	25	88	94	103	229	274	277	85	2	2	2
3	0.015625	0.1	2	2	0.001	2495	25	88	94	103	229	274	277	85	200	200	200
4	0.015625	0.1	2	2	2.0	2	25	88	94	103	229	274	277	85	2	2	2
5	0.015625	0.1	2	2	2.0	2	25	88	94	103	229	274	277	85	200	200	200
6	0.015625	0.1	2	2	2.0	2495	25	88	94	103	229	274	277	85	2	2	2
7	0.015625	0.1	2	2	2.0	2495	25	88	94	103	229	274	277	85	200	200	200
8	0.015625	0.1	2	5	0.001	2	25	88	94	103	229	274	277	85	2	2	2
9	0.015625	0.1	2	5	0.001	2	25	88	94	103	229	274	277	85	200	200	200
10	0.015625	0.1	2	5	0.001	2495	25	88	94	103	229	274	277	85	2	2	2
11	0.015625	0.1	2	5	0.001	2495	25	88	94	103	229	274	277	85	200	200	200
12	0.015625	0.1	2	5	2.0	2	25	88	94	103	229	274	277	85	2	2	2
13	0.015625	0.1	2	5	2.0	2	25	88	94	103	229	274	277	85	200	200	200
14	0.015625	0.1	2	5	2.0	2495	25	88	94	103	229	274	277	85	2	2	2
15	0.015625	0.1	2	5	2.0	2495	25	88	94	103	229	274	277	85	200	200	200
16	0.015625	0.1	5	2	0.001	2	25	88	94	103	229	274	277	85	2	2	2
17	0.015625	0.1	5	2	0.001	2	25	88	94	103	229	274	277	85	200	200	200
18	0.015625	0.1	5	2	0.001	2495	25	88	94	103	229	274	277	85	2	2	2
19	0.015625	0.1	5	2	0.001	2495	25	88	94	103	229	274	277	85	200	200	200
20	0.015625	0.1	5	2	2.0	2	25	88	94	103	229	274	277	85	2	2	2
21	0.015625	0.1	5	2	2.0	2	25	88	94	103	229	274	277	85	200	200	200
22	0.015625	0.1	5	2	2.0	2495	25	88	94	103	229	274	277	85	2	2	2
23	0.015625	0.1	5	2	2.0	2495	25	88	94	103	229	274	277	85	200	200	200
24	0.015625	0.1	5	5	0.001	2	25	88	94	103	229	274	277	85	2	2	2
25	0.015625	0.1	5	5	0.001	2	25	88	94	103	229	274	277	85	200	200	200
26	0.015625	0.1	5	5	0.001	2495	25	88	94	103	229	274	277	85	2	2	2
27	0.015625	0.1	5	5	0.001	2495	25	88	94	103	229	274	277	85	200	200	200
28	0.015625	0.1	5	5	2.0	2	25	88	94	103	229	274	277	85	2	2	2
29	0.015625	0.1	5	5	2.0	2	25	88	94	103	229	274	277	85	200	200	200
30	0.015625	0.1	5	5	2.0	2495	25	88	94	103	229	274	277	85	2	2	2
31	0.015625	0.1	5	5	2.0	2495	25	88	94	103	229	274	277	85	200	200	200
32	0.015625	20.0	2	2	0.001	2	25	88	94	103	229	274	277	85	2	2	2
33	0.015625	20.0	2	2	0.001	2	25	88	94	103	229	274	277	85	200	200	200
34	0.015625	20.0	2	2	0.001	2495	25	88	94	103	229	274	277	85	2	2	2
35	0.015625	20.0	2	2	0.001	2495	25	88	94	103	229	274	277	85	200	200	200
36	0.015625	20.0	2	2	2.0	2	25	88	94	103	229	274	277	85	2	2	2
37	0.015625	20.0	2	2	2.0	2	25	88	94	103	229	274	277	85	200	200	200
38	0.015625	20.0	2	2	2.0	2495	25	88	94	103	229	274	277	85	2	2	2
39	0.015625	20.0	2	2	2.0	2495	25	88	94	103	229	274	277	85	200	200	200
40	0.015625	20.0	2	5	0.001	2	25	88	94	103	229	274	277	85	2	2	2
41	0.015625	20.0	2	5	0.001	2	25	88	94	103	229	274	277	85	200	200	200
42	0.015625	20.0	2	5	0.001	2495	25	88	94	103	229	274	277	85	2	2	2
43	0.015625	20.0	2	5	0.001	2495	25	88	94	103	229	274	277	85	200	200	200
44	0.015625	20.0	2	5	2.0	2	25	88	94	103	229	274	277	85	2	2	2
45	0.015625	20.0	2	5	2.0	2	25	88	94	103	229	274	277	85	200	200	200
46	0.015625	20.0	2	5	2.0	2495	25	88	94	103	229	274	277	85	2	2	2
47	0.015625	20.0	2	5	2.0	2495	25	88	94	103	229	274	277	85	200	200	200
48	0.015625	20.0	5	2	0.001	2	25	88	94	103	229	274	277	85	2	2	2
49	0.015625	20.0	5	2	0.001	2	25	88	94	103	229	274	277	85	200	200	200
50	0.015625	20.0	5	2	0.001	2495	25	88	94	103	229	274	277	85	2	2	2
51	0.015625	20.0	5	2	0.001	2495	25	88	94	103	229	274	277	85	200	200	200
52	0.015625	20.0	5	2	2.0	2	25	88	94	103	229	274	277	85	2	2	2
53	0.015625	20.0	5	2	2.0	2	25	88	94	103	229	274	277	85	200	200	200
54	0.015625	20.0	5	2	2.0	2495	25	88	94	103	229	274	277	85	2	2	2
55	0.015625	20.0	5	2	2.0	2495	25	88	94	103	229	274	277	85	200	200	200
56	0.015625	20.0	5	5	0.001	2	25	88	94	103	229	274	277	85	2	2	2
57	0.015625	20.0	5	5	0.001	2	25	88	94	103	229	274	277	85	200	200	200
58	0.015625	20.0	5	5	0.001	2495	25	88	94	103	229	274	277	85	2	2	2
59	0.015625	20.0	5	5	0.001	2495	25	88	94	103	229	274	277	85	200	200	200
60	0.015625	20.0	5	5	2.0	2	25	88	94	103	229	274	277	85	2	2	2
61	0.015625	20.0	5	5	2.0	2	25	88	94	103	229	274	277	85	200	200	200
62	0.015625	20.0	5	5	2.0	2495	25	88	94	103	229	274	277	85	2	2	2
63	0.015625	20.0	5	5	2.0	2495	25	88	94	103	229	274	277	85	200	200	200
64	0.015625	0.1	2	2	0.001	2	25	91	97	106	232	277	280	88	2	2	2
65	0.015625	0.1	2	2	0.001	2	25	91	97	106	232	277	280	88	200	200	200
66	0.015625	0.1	2	2	0.001	2495	25	91	97	106	232	277	280	88	2	2	2
67	0.015625	0.1	2	2	0.001	2495	25	91	97	106	232	277	280	88	200	200	200
68	0.015625	0.1	2	2	2.0	2	25	91	97	106	232	277	280	88	2	2	2
69	0.015625	0.1	2	2	2.0	2	25	91	97	106	232	277	280	88	200	200	200
70	0.015625	0.1	2	2	2.0	2495	25	91	97	106	232	277	280	88	2	2	2
71	0.015625	0.1	2	2	2.0	2495	25	91	97	106	232	277	280	88	200	200	200
72	0.015625	0.1	2	5	0.001	2	25	91	97	106	232	277	280	88	2	2	2
73	0.015625	0.1	2	5	0.001	2	25	91	97	106	232	277	280	88	200	200	200
74	0.015625	0.1	2	5	0.001	2495	25	91	97	106	232	277	280	88	2	2	2
75	0.015625	0.1	2	5	0.001	2495	25	91	97	106	232	277	280	88	200	200	200
76	0.015625	0.1	2	5	2.0	2	25	91	97	106	232	277	280	88	2	2	2
77	0.015625	0.1	2	5	2.0	2	25	91	97	106	232	277	280	88	200	200	200
78	0.015625	0.1	2	5	2.0	2495	25	91	97	106	232	277	280	88	2	2	2
79	0.015625	0.1	2	5	2.0	2495	25	91	97	106	232	277	280	88	200	200	200
80	0.015625	0.1	5	2	0.001	2	25	91	97	106	232	277	280	88	2	2	2
81	0.015625	0.1	5	2	0.001	2	25	91	97	106	232	277	280	88	200	200	200
82	0.015625	0.1	5	2	0.001	2495	25	91	97	106	232	277	280	88	2	2	2
83	0.015625	0.1	5	2	0.001	2495	25	91	97	106	232	277	280	88	200	200	200
84	0.015625	0.1	5	2	2.0	2	25	91	97	106	232	277	280	88	2	2	2
85	0.015625	0.1	5	2	2.0	2	25	91	97	106	232	277	280	88	200	200	200
86	0.015625	0.1	5	2	2.0	2495	25	91	97	106	232	277	280	88	2	2	2
87	0.015625	0.1	5	2	2.0	2495	25	91	97	106	232	277	280	88	200	200	200
88	0.015625	0.1	5	5	0.001	2	25	91	97	106	232	277	280	88	2	2	2
89	0.015625	0.1	5	5	0.001	2	25	91	97	106	232	277	280	88	200	200	200
90	0.015625	0.1	5	5	0.001	2495	25	91	97	106	232	277	280	88	2	2	2
91	0.015625	0.1	5	5	0.001	2495	25	91	97	106	232	277	280	88	200	200	200
92	0.015625	0.1	5	5	2.0	2	25	91	97	106	232	277	280	88	2	2	2
93	0.015625	0.1	5	5	2.0	2	25	91	97	106	232	277	280	88	200	200	200
94	0.015625	0.1	5	5	2.0	2495	25	91	97	106	232	277	280	88	2	2	2
95	0.015625	0.1	5	5	2.0	2495	25	91	97	106	232	277	280	88	200	200	200
96	0.015625	20.0	2	2	0.001	2	25	91	97	106	232	277	280	88	2	2	2
97	0.015625	20.0	2	2	0.001	2	25	91	97	106	232	277	280	88	200	200	200
98	0.015625	20.0	2	2	0.001	2495	25	91	97	106	232	277	280	88	2	2	2
99	0.015625	20.0	2	2	0.001	2495	25	91	97	106	232	277	280	88	200	200	200
100	0.015625	20.0	2	2	2.0	2	25	91	97	106	232	277	280	88	2	2	2
101	0.015625	20.0	2	2	2.0	2	25	91	97	106	232	277	280	88	200	200	200
102	0.015625	20.0	2	2	2.0	2495	25	91	97	106	232	277	280	88	2	2	2
103	0.015625	20.0	2	2	2.0	2495	25	91	97	106	232	277	280	88	200	200	200
104	0.015625	20.0	2	5	0.001	2	25	91	97	106	232	277	280	88	2	2	2
105	0.015625	20.0	2	5	0.001	2	25	91	97	106	232	277	280	88	200	200	200
106	0.015625	20.0	2	5	0.001	2495	25	91	97	106	232	277	280	88	2	2	2
107	0.015625	20.0	2	5	0.001	2495	25	91	97	106	232	277	280	88	200	200	200
108	0.015625	20.0	2	5	2.0	2	25	91	97	106	232	277	280	88	2	2	2
109	0.015625	20.0	2	5	2.0	2	25	91	97	106	232	277	280	88	200	200	200
110	0.015625	20.0	2	5	2.0	2495	25	91	97	106	232	277	280	88	2	2	2
111	0.015625	20.0	2	5	2.0	2495	25	91	97	106	232	277	280	88	200	200	200
112	0.015625	20.0	5	2	0.001	2	25	91	97	106	232	277	280	88	2	2	2
113	0.015625	20.0	5	2	0.001	2	25	91	97	106	232	277	280	88	200	200	200
114	0.015625	20.0	5	2	0.001	2495	25	91	97	106	232	277	280	88	2	2	2
115	0.015625	20.0	5	2	0.001	2495	25	91	97	106	232	277	280	88	200	200	200
116	0.015625	20.0	5	2	2.0	2	25	91	97	106	232	277	280	88	2	2	2
117	0.015625	20.0	5	2	2.0	2	25	91	97	106	232	277	280	88	200	200	200
118	0.015625	20.0	5	2	2.0	2495	25	91	97	106	232	277	280	88	2	2	2
119	0.015625	20.0	5	2	2.0	2495	25	91	97	106	232	277	280	88	200	200	200
120	0.015625	20.0	5	5	0.001	2	25	91	97	106	232	277	280	88	2	2	2
121	0.015625	20.0	5	5	0.001	2	25	91	97	106	232	277	280	88	200	200	200
122	0.015625	20.0	5	5	0.001	2495	25	91	97	106	232	277	280	88	2	2	2
123	0.015625	20.0	5	5	0.001	2495	25	91	97	106	232	277	280	88	200	200	200
124	0.015625	20.0	5	5	2.0	2	25	91	97	106	232	277	280	88	2	2	2
125	0.015625	20.0	5	5	2.0	2	25	91	97	106	232	277	280	88	200	200	200
126	0.015625	20.0	5	5	2.0	2495	25	91	97	106	232	277	280	88	2	2	2
127	0.015625	20.0	5	5	2.0	2495	25	91	97	106	232	277	280	88	200	200	200
128	0.015625	0.1	2	2	0.001	2	25	325	331	340	466	511	514	322	2	2	2
129	0.015625	0.1	2	2	0.001	2	25	325	331	340	466	511	514	322	200	200	200
130	0.015625	0.1	2	2	0.001	2495	25	325	331	340	466	511	514	322	2	2	2
131	0.015625	0.1	2	2	0.001	2495	25	325	331	340	466	511	514	322	200	200	200
132	0.015625	0.1	2	2	2.0	2	25	325	331	340	466	511	514	322	2	2	2
133	0.015625	0.1	2	2	2.0	2	25	325	331	340	466	511	514	322	200	200	200
134	0.015625	0.1	2	2	2.0	2495	25	325	331	340	466	511	514	322	2	2	2
135	0.015625	0.1	2	2	2.0	2495	25	325	331	340	466	511	514	322	200	200	200
136	0.015625	0.1	2	5	0.001	2	25	325	331	340	466	511	514	322	2	2	2
137	0.015625	0.1	2	5	0.001	2	25	325	331	340	466	511	514	322	200	200	200
138	0.015625	0.1	2	5	0.001	2495	25	325	331	340	466	511	514	322	2	2	2
139	0.015625	0.1	2	5	0.001	2495	25	325	331	340	466	511	514	322	200	200	200
140	0.015625	0.1	2	5	2.0	2	25	325	331	340	466	511	514	322	2	2	2
141	0.015625	0.1	2	5	2.0	2	25	325	331	340	466	511	514	322	200	200	200
142	0.015625	0.1	2	5	2.0	2495	25	325	331	340	466	511	514	322	2	2	2
143	0.015625	0.1	2	5	2.0	2495	25	325	331	340	466	511	514	322	200	200	200
144	0.015625	0.1	5	2	0.001	2	25	325	331	340	466	511	514	322	2	2	2
145	0.015625	0.1	5	2	0.001	2	25	325	331	340	466	511	514	322	200	200	200
146	0.015625	0.1	5	2	0.001	2495	25	325	331	340	466	511	514	322	2	2	2
147	0.015625	0.1	5	2	0.001	2495	25	325	331	340	466	511	514	322	200	200	200
148	0.015625	0.1	5	2	2.0	2	25	325	331	340	466	511	514	322	2	2	2
149	0.015625	0.1	5	2	2.0	2	25	325	331	340	466	511	514	322	200	200	200
150	0.015625	0.1	5	2	2.0	2495	25	325	331	340	466	511	514	322	2	2	2
151	0.015625	0.1	5	2	2.0	2495	25	325	331	340	466	511	514	322	200	200	200
152	0.015625	0.1	5	5	0.001	2	25	325	331	340	466	511	514	322	2	2	2
153	0.015625	0.1	5	5	0.001	2	25	325	331	340	466	511	514	322	200	200	200
154	0.015625	0.1	5	5	0.001	2495	25	325	331	340	466	511	514	322	2	2	2
155	0.015625	0.1	5	5	0.001	2495	25	325	331	340	466	511	514	322	200	200	200
156	0.015625	0.1	5	5	2.0	2	25	325	331	340	466	511	514	322	2	2	2
157	0.015625	0.1	5	5	2.0	2	25	325	331	340	466	511	514	322	200	200	200
158	0.015625	0.1	5	5	2.0	2495	25	325	331	340	466	511	514	322	2	2	2
159	0.015625	0.1	5	5	2.0	2495	25	325	331	340	466	511	514	322	200	200	200
160	0.015625	20.0	2	2	0.001	2	25	325	331	340	466	511	514	322	2	2	2
161	0.015625	20.0	2	2	0.001	2	25	325	331	340	466	511	514	322	200	200	200
162	0.015625	20.0	2	2	0.001	2495	25	325	331	340	466	511	514	322	2	2	2
163	0.015625	20.0	2	2	0.001	2495	25	325	331	340	466	511	514	322	200	200	200
164	0.015625	20.0	2	2	2.0	2	25	325	331	340	466	511	514	322	2	2	2
165	0.015625	20.0	2	2	2.0	2	25	325	331	340	466	511	514	322	200	200	200
166	0.015625	20.0	2	2	2.0	2495	25	325	331	340	466	511	514	322	2	2	2
167	0.015625	20.0	2	2	2.0	2495	25	325	331	340	466	511	514	322	200	200	200
168	0.015625	20.0	2	5	0.001	2	25	325	331	340	466	511	514	322	2	2	2
169	0.015625	20.0	2	5	0.001	2	25	325	331	340	466	511	514	322	200	200	200
170	0.015625	20.0	2	5	0.001	2495	25	325	331	340	466	511	514	322	2	2	2
171	0.015625	20.0	2	5	0.001	2495	25	325	331	340	466	511	514	322	200	200	200
172	0.015625	20.0	2	5	2.0	2	25	325	331	340	466	511	514	322	2	2	2
173	0.015625	20.0	2	5	2.0	2	25	325	331	340	466	511	514	322	200	200	200
174	0.015625	20.0	2	5	2.0	2495	25	325	331	340	466	511	514	322	2	2	2
175	0.015625	20.0	2	5	2.0	2495	25	325	331	340	466	511	514	322	200	200	200
176	0.015625	20.0	5	2	0.001	2	25	325	331	340	466	511	514	322	2	2	2
177	0.015625	20.0	5	2	0.001	2	25	325	331	340	466	511	514	322	200	200	200
178	0.015625	20.0	5	2	0.001	2495	25	325	331	340	466	511	514	322	2	2	2
179	0.015625	20.0	5	2	0.001	2495	25	325	331	340	466	511	514	322	200	200	200
180	0.015625	20.0	5	2	2.0	2	25	325	331	340	466	511	514	322	2	2	2
181	0.015625	20.0	5	2	2.0	2	25	325	331	340	466	511	514	322	200	200	200
182	0.015625	20.0	5	2	2.0	2495	25	325	331	340	466	511	514	322	2	2	2
183	0.015625	20.0	5	2	2.0	2495	25	325	331	340	466	511	514	322	200	200	200
184	0.015625	20.0	5	5	0.001	2	25	325	331	340	466	511	514	322	2	2	2
185	0.015625	20.0	5	5	0.001	2	25	325	331	340	466	511	514	322	200	200	200
186	0.015625	20.0	5	5	0.001	2495	25	325	331	340	466	511	514	322	2	2	2
187	0.015625	20.0	5	5	0.001	2495	25	325	331	340	466	511	514	322	200	200	200
188	0.015625	20.0	5	5	2.0	2	25	325	331	340	466	511	514	322	2	2	2
189	0.015625	20.0	5	5	2.0	2	25	325	331	340	466	511	514	322	200	200	200
190	0.015625	20.0	5	5	2.0	2495	25	325	331	340	466	511	514	322	2	2	2
191	0.015625	20.0	5	5	2.0	2495	25	325	331	340	466	511	514	322	200	200	200
192	0.03125	0.1	2	2	0.001	2	25	88	94	103	229	274	277	85	2	2	2
193	0.03125	0.1	2	2	0.001	2	25	88	94	103	229	274	277	85	200	200	200
194	0.03125	0.1	2	2	0.001	2495	25	88	94	103	229	274	277	85	2	2	2
195	0.03125	0.1	2	2	0.001	2495	25	88	94	103	229	274	277	85	200	200	200
196	0.03125	0.1	2	2	2.0	2	25	88	94	103	229	274	277	85	2	2	2
197	0.03125	0.1	2	2	2.0	2	25	88	94	103	229	274	277	85	200	200	200
198	0.03125	0.1	2	2	2.0	2495	25	88	94	103	229	274	277	85	2	2	2
199	0.03125	0.1	2	2	2.0	2495	25	88	94	103	229	274	277	85	200	200	200
200	0.03125	0.1	2	5	0.001	2	25	88	94	103	229	274	277	85	2	2	2
201	0.03125	0.1	2	5	0.001	2	25	88	94	103	229	274	277	85	200	200	200
202	0.03125	0.1	2	5	0.001	2495	25	88	94	103	229	274	277	85	2	2	2
203	0.03125	0.1	2	5	0.001	2495	25	88	94	103	229	274	277	85	200	200	200
204	0.03125	0.1	2	5	2.0	2	25	88	94	103	229	274	277	85	2	2	2
205	0.03125	0.1	2	5	2.0	2	25	88	94	103	229	274	277	85	200	200	200
206	0.03125	0.1	2	5	2.0	2495	25	88	94	103	229	274	277	85	2	2	2
207	0.03125	0.1	2	5	2.0	2495	25	88	94	103	229	274	277	85	200	200	200
208	0.03125	0.1	5	2	0.001	2	25	88	94	103	229	274	277	85	2	2	2
209	0.03125	0.1	5	2	0.001	2	25	88	94	103	229	274	277	85	200	200	200
210	0.03125	0.1	5	2	0.001	2495	25	88	94	103	229	274	277	85	2	2	2
211	0.03125	0.1	5	2	0.001	2495	25	88	94	103	229	274	277	85	200	200	200
212	0.03125	0.1	5	2	2.0	2	25	88	94	103	229	274	277	85	2	2	2
213	0.03125	0.1	5	2	2.0	2	25	88	94	103	229	274	277	85	200	200	200
214	0.03125	0.1	5	2	2.0	2495	25	88	94	103	229	274	277	85	2	2	2
215	0.03125	0.1	5	2	2.0	2495	25	88	94	103	229	274	277	85	200	200	200
216	0.03125	0.1	5	5	0.001	2	25	88	94	103	229	274	277	85	2	2	2
217	0.03125	0.1	5	5	0.001	2	25	88	94	103	229	274	277	85	200	200	200
218	0.03125	0.1	5	5	0.001	2495	25	88	94	103	229	274	277	85	2	2	2
219	0.03125	0.1	5	5	0.001	2495	25	88	94	103	229	274	277	85	200	200	200
220	0.03125	0.1	5	5	2.0	2	25	88	94	103	229	274	277	85	2	2	2
221	0.03125	0.1	5	5	2.0	2	25	88	94	103	229	274	277	85	200	200	200
222	0.03125	0.1	5	5	2.0	2495	25	88	94	103	229	274	277	85	2	2	2
223	0.03125	0.1	5	5	2.0	2495	25	88	94	103	229	274	277	85	200	200	200
224	0.03125	20.0	2	2	0.001	2	25	88	94	103	229	274	277	85	2	2	2
225	0.03125	20.0	2	2	0.001	2	25	88	94	103	229	274	277	85	200	200	200
226	0.03125	20.0	2	2	0.001	2495	25	88	94	103	229	274	277	85	2	2	2
227	0.03125	20.0	2	2	0.001	2495	25	88	94	103	229	274	277	85	200	200	200
228	0.03125	20.0	2	2	2.0	2	25	88	94	103	229	274	277	85	2	2	2
229	0.03125	20.0	2	2	2.0	2	25	88	94	103	229	274	277	85	200	200	200
230	0.03125	20.0	2	2	2.0	2495	25	88	94	103	229	274	277	85	2	2	2
231	0.03125	20.0	2	2	2.0	2495	25	88	94	103	229	274	277	85	200	200	200
232	0.03125	20.0	2	5	0.001	2	25	88	94	103	229	274	277	85	2	2	2
233	0.03125	20.0	2	5	0.001	2	25	88	94	103	229	274	277	85	200	200	200
234	0.03125	20.0	2	5	0.001	2495	25	88	94	103	229	274	277	85	2	2	2
235	0.03125	20.0	2	5	0.001	2495	25	88	94	103	229	274	277	85	200	200	200
236	0.03125	20.0	2	5	2.0	2	25	88	94	103	229	274	277	85	2	2	2
237	0.03125	20.0	2	5	2.0	2	25	88	94	103	229	274	277	85	200	200	200
238	0.03125	20.0	2	5	2.0	2495	25	88	94	103	229	274	277	85	2	2	2
239	0.03125	20.0	2	5	2.0	2495	25	88	94	103	229	274	277	85	200	200	200
240	0.03125	20.0	5	2	0.001	2	25	88	94	103	229	274	277	85	2	2	2
241	0.03125	20.0	5	2	0.001	2	25	88	94	103	229	274	277	85	200	200	200
242	0.03125	20.0	5	2	0.001	2495	25	88	94	103	229	274	277	85	2	2	2
243	0.03125	20.0	5	2	0.001	2495	25	88	94	103	229	274	277	85	200	200	200
244	0.03125	20.0	5	2	2.0	2	25	88	94	103	229	274	277	85	2	2	2
245	0.03125	20.0	5	2	2.0	2	25	88	94	103	229	274	277	85	200	200	200
246	0.03125	20.0	5	2	2.0	2495	25	88	94	103	229	274	277	85	2	2	2
247	0.03125	20.0	5	2	2.0	2495	25	88	94	103	229	274	277	85	200	200	200
248	0.03125	20.0	5	5	0.001	2	25	88	94	103	229	274	277	85	2	2	2
249	0.03125	20.0	5	5	0.001	2	25	88	94	103	229	274	277	85	200	200	200
250	0.03125	20.0	5	5	0.001	2495	25	88	94	103	229	274	277	85	2	2	2
251	0.03125	20.0	5	5	0.001	2495	25	88	94	103	229	274	277	85	200	200	200
252	0.03125	20.0	5	5	2.0	2	25	88	94	103	229	274	277	85	2	2	2
253	0.03125	20.0	5	5	2.0	2	25	88	94	103	229	274	277	85	200	200	200
254	0.03125	20.0	5	5	2.0	2495	25	88	94	103	229	274	277	85	2	2	2
255	0.03125	20.0	5	5	2.0	2495	25	88	94	103	229	274	277	85	200	200	200
256	0.03125	0.1	2	2	0.001	2	25	91	97	106	232	277	280	88	2	2	2
257	0.03125	0.1	2	2	0.001	2	25	91	97	106	232	277	280	88	200	200	200
258	0.03125	0.1	2	2	0.001	2495	25	91	97	106	232	277	280	88	2	2	2
259	0.03125	0.1	2	2	0.001	2495	25	91	97	106	232	277	280	88	200	200	200
260	0.03125	0.1	2	2	2.0	2	25	91	97	106	232	277	280	88	2	2	2
261	0.03125	0.1	2	2	2.0	2	25	91	97	106	232	277	280	88	200	200	200
262	0.03125	0.1	2	2	2.0	2495	25	91	97	106	232	277	280	88	2	2	2
263	0.03125	0.1	2	2	2.0	2495	25	91	97	106	232	277	280	88	200	200	200
264	0.03125	0.1	2	5	0.001	2	25	91	97	106	232	277	280	88	2	2	2
265	0.03125	0.1	2	5	0.001	2	25	91	97	106	232	277	280	88	200	200	200
266	0.03125	0.1	2	5	0.001	2495	25	91	97	106	232	277	280	88	2	2	2
267	0.03125	0.1	2	5	0.001	2495	25	91	97	106	232	277	280	88	200	200	200
268	0.03125	0.1	2	5	2.0	2	25	91	97	106	232	277	280	88	2	2	2
269	0.03125	0.1	2	5	2.0	2	25	91	97	106	232	277	280	88	200	200	200
270	0.03125	0.1	2	5	2.0	2495	25	91	97	106	232	277	280	88	2	2	2
271	0.03125	0.1	2	5	2.0	2495	25	91	97	106	232	277	280	88	200	200	200
272	0.03125	0.1	5	2	0.001	2	25	91	97	106	232	277	280	88	2	2	2
273	0.03125	0.1	5	2	0.001	2	25	91	97	106	232	277	280	88	200	200	200
274	0.03125	0.1	5	2	0.001	2495	25	91	97	106	232	277	280	88	2	2	2
275	0.03125	0.1	5	2	0.001	2495	25	91	97	106	232	277	280	88	200	200	200
276	0.03125	0.1	5	2	2.0	2	25	91	97	106	232	277	280	88	2	2	2
277	0.03125	0.1	5	2	2.0	2	25	91	97	106	232	277	280	88	200	200	200
278	0.03125	0.1	5	2	2.0	2495	25	91	97	106	232	277	280	88	2	2	2
279	0.03125	0.1	5	2	2.0	2495	25	91	97	106	232	277	280	88	200	200	200
280	0.03125	0.1	5	5	0.001	2	25	91	97	106	232	277	280	88	2	2	2
281	0.03125	0.1	5	5	0.001	2	25	91	97	106	232	277	280	88	200	200	200
282	0.03125	0.1	5	5	0.001	2495	25	91	97	106	232	277	280	88	2	2	2
283	0.03125	0.1	5	5	0.001	2495	25	91	97	106	232	277	280	88	200	200	200
284	0.03125	0.1	5	5	2.0	2	25	91	97	106	232	277	280	88	2	2	2
285	0.03125	0.1	5	5	2.0	2	25	91	97	106	232	277	280	88	200	200	200
286	0.03125	0.1	5	5	2.0	2495	25	91	97	106	232	277	280	88	2	2	2
287	0.03125	0.1	5	5	2.0	2495	25	91	97	106	232	277	280	88	200	200	200
288	0.03125	20.0	2	2	0.001	2	25	91	97	106	232	277	280	88	2	2	2
289	0.03125	20.0	2	2	0.001	2	25	91	97	106	232	277	280	88	200	200	200
290	0.03125	20.0	2	2	0.001	2495	25	91	97	106	232	277	280	88	2	2	2
291	0.03125	20.0	2	2	0.001	2495	25	91	97	106	232	277	280	88	200	200	200
292	0.03125	20.0	2	2	2.0	2	25	91	97	106	232	277	280	88	2	2	2
293	0.03125	20.0	2	2	2.0	2	25	91	97	106	232	277	280	88	200	200	200
294	0.03125	20.0	2	2	2.0	2495	25	91	97	106	232	277	280	88	2	2	2
295	0.03125	20.0	2	2	2.0	2495	25	91	97	106	232	277	280	88	200	200	200
296	0.03125	20.0	2	5	0.001	2	25	91	97	106	232	277	280	88	2	2	2
297	0.03125	20.0	2	5	0.001	2	25	91	97	106	232	277	280	88	200	200	200
298	0.03125	20.0	2	5	0.001	2495	25	91	97	106	232	277	280	88	2	2	2
299	0.03125	20.0	2	5	0.001	2495	25	91	97	106	232	277	280	88	200	200	200
300	0.03125	20.0	2	5	2.0	2	25	91	97	106	232	277	280	88	2	2	2
301	0.03125	20.0	2	5	2.0	2	25	91	97	106	232	277	280	88	200	200	200
302	0.03125	20.0	2	5	2.0	2495	25	91	97	106	232	277	280	88	2	2	2
303	0.03125	20.0	2	5	2.0	2495	25	91	97	106	232	277	280	88	200	200	200
304	0.03125	20.0	5	2	0.001	2	25	91	97	106	232	277	280	88	2	2	2
305	0.03125	20.0	5	2	0.001	2	25	91	97	106	232	277	280	88	200	200	200
306	0.03125	20.0	5	2	0.001	2495	25	91	97	106	232	277	280	88	2	2	2
307	0.03125	20.0	5	2	0.001	2495	25	91	97	106	232	277	280	88	200	200	200
308	0.03125	20.0	5	2	2.0	2	25	91	97	106	232	277	280	88	2	2	2
309	0.03125	20.0	5	2	2.0	2	25	91	97	106	232	277	280	88	200	200	200
310	0.03125	20.0	5	2	2.0	2495	25	91	97	106	232	277	280	88	2	2	2
311	0.03125	20.0	5	2	2.0	2495	25	91	97	106	232	277	280	88	200	200	200
312	0.03125	20.0	5	5	0.001	2	25	91	97	106	232	277	280	88	2	2	2
313	0.03125	20.0	5	5	0.001	2	25	91	97	106	232	277	280	88	200	200	200
314	0.03125	20.0	5	5	0.001	2495	25	91	97	106	232	277	280	88	2	2	2
315	0.03125	20.0	5	5	0.001	2495	25	91	97	106	232	277	280	88	200	200	200
316	0.03125	20.0	5	5	2.0	2	25	91	97	106	232	277	280	88	2	2	2
317	0.03125	20.0	5	5	2.0	2	25	91	97	106	232	277	280	88	200	200	200
318	0.03125	20.0	5	5	2.0	2495	25	91	97	106	232	277	280	88	2	2	2
319	0.03125	20.0	5	5	2.0	2495	25	91	97	106	232	277	280	88	200	200	200
320	0.03125	0.1	2	2	0.001	2	25	325	331	340	466	511	514	322	2	2	2
321	0.03125	0.1	2	2	0.001	2	25	325	331	340	466	511	514	322	200	200	200
322	0.03125	0.1	2	2	0.001	2495	25	325	331	340	466	511	514	322	2	2	2
323	0.03125	0.1	2	2	0.001	2495	25	325	331	340	466	511	514	322	200	200	200
324	0.03125	0.1	2	2	2.0	2	25	325	331	340	466	511	514	322	2	2	2
325	0.03125	0.1	2	2	2.0	2	25	325	331	340	466	511	514	322	200	200	200
326	0.03125	0.1	2	2	2.0	2495	25	325	331	340	466	511	514	322	2	2	2
327	0.03125	0.1	2	2	2.0	2495	25	325	331	340	466	511	514	322	200	200	200
328	0.03125	0.1	2	5	0.001	2	25	325	331	340	466	511	514	322	2	2	2
329	0.03125	0.1	2	5	0.001	2	25	325	331	340	466	511	514	322	200	200	200
330	0.03125	0.1	2	5	0.001	2495	25	325	331	340	466	511	514	322	2	2	2
331	0.03125	0.1	2	5	0.001	2495	25	325	331	340	466	511	514	322	200	200	200
332	0.03125	0.1	2	5	2.0	2	25	325	331	340	466	511	514	322	2	2	2
333	0.03125	0.1	2	5	2.0	2	25	325	331	340	466	511	514	322	200	200	200
334	0.03125	0.1	2	5	2.0	2495	25	325	331	340	466	511	514	322	2	2	2
335	0.03125	0.1	2	5	2.0	2495	25	325	331	340	466	511	514	322	200	200	200
336	0.03125	0.1	5	2	0.001	2	25	325	331	340	466	511	514	322	2	2	2
337	0.03125	0.1	5	2	0.001	2	25	325	331	340	466	511	514	322	200	200	200
338	0.03125	0.1	5	2	0.001	2495	25	325	331	340	466	511	514	322	2	2	2
339	0.03125	0.1	5	2	0.001	2495	25	325	331	340	466	511	514	322	200	200	200
340	0.03125	0.1	5	2	2.0	2	25	325	331	340	466	511	514	322	2	2	2
341	0.03125	0.1	5	2	2.0	2	25	325	331	340	466	511	514	322	200	200	200
342	0.03125	0.1	5	2	2.0	2495	25	325	331	340	466	511	514	322	2	2	2
343	0.03125	0.1	5	2	2.0	2495	25	325	331	340	466	511	514	322	200	200	200
344	0.03125	0.1	5	5	0.001	2	25	325	331	340	466	511	514	322	2	2	2
345	0.03125	0.1	5	5	0.001	2	25	325	331	340	466	511	514	322	200	200	200
346	0.03125	0.1	5	5	0.001	2495	25	325	331	340	466	511	514	322	2	2	2
347	0.03125	0.1	5	5	0.001	2495	25	325	331	340	466	511	514	322	200	200	200
348	0.03125	0.1	5	5	2.0	2	25	325	331	340	466	511	514	322	2	2	2
349	0.03125	0.1	5	5	2.0	2	25	325	331	340	466	511	514	322	200	200	200
350	0.03125	0.1	5	5	2.0	2495	25	325	331	340	466	511	514	322	2	2	2
351	0.03125	0.1	5	5	2.0	2495	25	325	331	340	466	511	514	322	200	200	200
352	0.03125	20.0	2	2	0.001	2	25	325	331	340	466	511	514	322	2	2	2
353	0.03125	20.0	2	2	0.001	2	25	325	331	340	466	511	514	322	200	200	200
354	0.03125	20.0	2	2	0.001	2495	25	325	331	340	466	511	514	322	2	2	2
355	0.03125	20.0	2	2	0.001	2495	25	325	331	340	466	511	514	322	200	200	200
356	0.03125	20.0	2	2	2.0	2	25	325	331	340	466	511	514	322	2	2	2
357	0.03125	20.0	2	2	2.0	2	25	325	331	340	466	511	514	322	200	200	200
358	0.03125	20.0	2	2	2.0	2495	25	325	331	340	466	511	514	322	2	2	2
359	0.03125	20.0	2	2	2.0	2495	25	325	331	340	466	511	514	322	200	200	200
360	0.03125	20.0	2	5	0.001	2	25	325	331	340	466	511	514	322	2	2	2
361	0.03125	20.0	2	5	0.001	2	25	325	331	340	466	511	514	322	200	200	200
362	0.03125	20.0	2	5	0.001	2495	25	325	331	340	466	511	514	322	2	2	2
363	0.03125	20.0	2	5	0.001	2495	25	325	331	340	466	511	514	322	200	200	200
364	0.03125	20.0	2	5	2.0	2	25	325	331	340	466	511	514	322	2	2	2
365	0.03125	20.0	2	5	2.0	2	25	325	331	340	466	511	514	322	200	200	200
366	0.03125	20.0	2	5	2.0	2495	25	325	331	340	466	511	514	322	2	2	2
367	0.03125	20.0	2	5	2.0	2495	25	325	331	340	466	511	514	322	200	200	200
368	0.03125	20.0	5	2	0.001	2	25	325	331	340	466	511	514	322	2	2	2
369	0.03125	20.0	5	2	0.001	2	25	325	331	340	466	511	514	322	200	200	200
370	0.03125	20.0	5	2	0.001	2495	25	325	331	340	466	511	514	322	2	2	2
371	0.03125	20.0	5	2	0.001	2495	25	325	331	340	466	511	514	322	200	200	200
372	0.03125	20.0	5	2	2.0	2	25	325	331	340	466	511	514	322	2	2	2
373	0.03125	20.0	5	2	2.0	2	25	325	331	340	466	511	514	322	200	200	200
374	0.03125	20.0	5	2	2.0	2495	25	325	331	340	466	511	514	322	2	2	2
375	0.03125	20.0	5	2	2.0	2495	25	325	331	340	466	511	514	322	200	200	200
376	0.03125	20.0	5	5	0.001	2	25	325	331	340	466	511	514	322	2	2	2
377	0.03125	20.0	5	5	0.001	2	25	325	331	340	466	511	514	322	200	200	200
378	0.03125	20.0	5	5	0.001	2495	25	325	331	340	466	511	514	322	2	2	2
379	0.03125	20.0	5	5	0.001	2495	25	325	331	340	466	511	514	322	200	200	200
380	0.03125	20.0	5	5	2.0	2	25	325	331	340	466	511	514	322	2	2	2
381	0.03125	20.0	5	5	2.0	2	25	325	331	340	466	511	514	322	200	200	200
382	0.03125	20.0	5	5	2.0	2495	25	325	331	340	466	511	514	322	2	2	2
383	0.03125	20.0	5	5	2.0	2495	25	325	331	340	466	511	514	322	200	200	200
384	0.0625	0.1	2	2	0.001	2	25	88	94	103	229	274	277	85	2	2	2
385	0.0625	0.1	2	2	0.001	2	25	88	94	103	229	274	277	85	200	200	200
386	0.0625	0.1	2	2	0.001	2495	25	88	94	103	229	274	277	85	2	2	2
387	0.0625	0.1	2	2	0.001	2495	25	88	94	103	229	274	277	85	200	200	200
388	0.0625	0.1	2	2	2.0	2	25	88	94	103	229	274	277	85	2	2	2
389	0.0625	0.1	2	2	2.0	2	25	88	94	103	229	274	277	85	200	200	200
390	0.0625	0.1	2	2	2.0	2495	25	88	94	103	229	274	277	85	2	2	2
391	0.0625	0.1	2	2	2.0	2495	25	88	94	103	229	274	277	85	200	200	200
392	0.0625	0.1	2	5	0.001	2	25	88	94	103	229	274	277	85	2	2	2
393	0.0625	0.1	2	5	0.001	2	25	88	94	103	229	274	277	85	200	200	200
394	0.0625	0.1	2	5	0.001	2495	25	88	94	103	229	274	277	85	2	2	2
395	0.0625	0.1	2	5	0.001	2495	25	88	94	103	229	274	277	85	200	200	200
396	0.0625	0.1	2	5	2.0	2	25	88	94	103	229	274	277	85	2	2	2
397	0.0625	0.1	2	5	2.0	2	25	88	94	103	229	274	277	85	200	200	200
398	0.0625	0.1	2	5	2.0	2495	25	88	94	103	229	274	277	85	2	2	2
399	0.0625	0.1	2	5	2.0	2495	25	88	94	103	229	274	277	85	200	200	200
400	0.0625	0.1	5	2	0.001	2	25	88	94	103	229	274	277	85	2	2	2
401	0.0625	0.1	5	2	0.001	2	25	88	94	103	229	274	277	85	200	200	200
402	0.0625	0.1	5	2	0.001	2495	25	88	94	103	229	274	277	85	2	2	2
403	0.0625	0.1	5	2	0.001	2495	25	88	94	103	229	274	277	85	200	200	200
404	0.0625	0.1	5	2	2.0	2	25	88	94	103	229	274	277	85	2	2	2
405	0.0625	0.1	5	2	2.0	2	25	88	94	103	229	274	277	85	200	200	200
406	0.0625	0.1	5	2	2.0	2495	25	88	94	103	229	274	277	85	2	2	2
407	0.0625	0.1	5	2	2.0	2495	25	88	94	103	229	274	277	85	200	200	200
408	0.0625	0.1	5	5	0.001	2	25	88	94	103	229	274	277	85	2	2	2
409	0.0625	0.1	5	5	0.001	2	25	88	94	103	229	274	277	85	200	200	200
410	0.0625	0.1	5	5	0.001	2495	25	88	94	103	229	274	277	85	2	2	2
411	0.0625	0.1	5	5	0.001	2495	25	88	94	103	229	274	277	85	200	200	200
412	0.0625	0.1	5	5	2.0	2	25	88	94	103	229	274	277	85	2	2	2
413	0.0625	0.1	5	5	2.0	2	25	88	94	103	229	274	277	85	200	200	200
414	0.0625	0.1	5	5	2.0	2495	25	88	94	103	229	274	277	85	2	2	2
415	0.0625	0.1	5	5	2.0	2495	25	88	94	103	229	274	277	85	200	200	200
416	0.0625	20.0	2	2	0.001	2	25	88	94	103	229	274	277	85	2	2	2
417	0.0625	20.0	2	2	0.001	2	25	88	94	103	229	274	277	85	200	200	200
418	0.0625	20.0	2	2	0.001	2495	25	88	94	103	229	274	277	85	2	2	2
419	0.0625	20.0	2	2	0.001	2495	25	88	94	103	229	274	277	85	200	200	200
420	0.0625	20.0	2	2	2.0	2	25	88	94	103	229	274	277	85	2	2	2
421	0.0625	20.0	2	2	2.0	2	25	88	94	103	229	274	277	85	200	200	200
422	0.0625	20.0	2	2	2.0	2495	25	88	94	103	229	274	277	85	2	2	2
423	0.0625	20.0	2	2	2.0	2495	25	88	94	103	229	274	277	85	200	200	200
424	0.0625	20.0	2	5	0.001	2	25	88	94	103	229	274	277	85	2	2	2
425	0.0625	20.0	2	5	0.001	2	25	88	94	103	229	274	277	85	200	200	200
426	0.0625	20.0	2	5	0.001	2495	25	88	94	103	229	274	277	85	2	2	2
427	0.0625	20.0	2	5	0.001	2495	25	88	94	103	229	274	277	85	200	200	200
428	0.0625	20.0	2	5	2.0	2	25	88	94	103	229	274	277	85	2	2	2
429	0.0625	20.0	2	5	2.0	2	25	88	94	103	229	274	277	85	200	200	200
430	0.0625	20.0	2	5	2.0	2495	25	88	94	103	229	274	277	85	2	2	2
431	0.0625	20.0	2	5	2.0	2495	25	88	94	103	229	274	277	85	200	200	200
432	0.0625	20.0	5	2	0.001	2	25	88	94	103	229	274	277	85	2	2	2
433	0.0625	20.0	5	2	0.001	2	25	88	94	103	229	274	277	85	200	200	200
434	0.0625	20.0	5	2	0.001	2495	25	88	94	103	229	274	277	85	2	2	2
435	0.0625	20.0	5	2	0.001	2495	25	88	94	103	229	274	277	85	200	200	200
436	0.0625	20.0	5	2	2.0	2	25	88	94	103	229	274	277	85	2	2	2
437	0.0625	20.0	5	2	2.0	2	25	88	94	103	229	274	277	85	200	200	200
438	0.0625	20.0	5	2	2.0	2495	25	88	94	103	229	274	277	85	2	2	2
439	0.0625	20.0	5	2	2.0	2495	25	88	94	103	229	274	277	85	200	200	200
440	0.0625	20.0	5	5	0.001	2	25	88	94	103	229	274	277	85	2	2	2
441	0.0625	20.0	5	5	0.001	2	25	88	94	103	229	274	277	85	200	200	200
442	0.0625	20.0	5	5	0.001	2495	25	88	94	103	229	274	277	85	2	2	2
443	0.0625	20.0	5	5	0.001	2495	25	88	94	103	229	274	277	85	200	200	200
444	0.0625	20.0	5	5	2.0	2	25	88	94	103	229	274	277	85	2	2	2
445	0.0625	20.0	5	5	2.0	2	25	88	94	103	229	274	277	85	200	200	200
446	0.0625	20.0	5	5	2.0	2495	25	88	94	103	229	274	277	85	2	2	2
447	0.0625	20.0	5	5	2.0	2495	25	88	94	103	229	274	277	85	200	200	200
448	0.0625	0.1	2	2	0.001	2	25	91	97	106	232	277	280	88	2	2	2
449	0.0625	0.1	2	2	0.001	2	25	91	97	106	232	277	280	88	200	200	200
450	0.0625	0.1	2	2	0.001	2495	25	91	97	106	232	277	280	88	2	2	2
451	0.0625	0.1	2	2	0.001	2495	25	91	97	106	232	277	280	88	200	200	200
452	0.0625	0.1	2	2	2.0	2	25	91	97	106	232	277	280	88	2	2	2
453	0.0625	0.1	2	2	2.0	2	25	91	97	106	232	277	280	88	200	200	200
454	0.0625	0.1	2	2	2.0	2495	25	91	97	106	232	277	280	88	2	2	2
455	0.0625	0.1	2	2	2.0	2495	25	91	97	106	232	277	280	88	200	200	200
456	0.0625	0.1	2	5	0.001	2	25	91	97	106	232	277	280	88	2	2	2
457	0.0625	0.1	2	5	0.001	2	25	91	97	106	232	277	280	88	200	200	200
458	0.0625	0.1	2	5	0.001	2495	25	91	97	106	232	277	280	88	2	2	2
459	0.0625	0.1	2	5	0.001	2495	25	91	97	106	232	277	280	88	200	200	200
460	0.0625	0.1	2	5	2.0	2	25	91	97	106	232	277	280	88	2	2	2
461	0.0625	0.1	2	5	2.0	2	25	91	97	106	232	277	280	88	200	200	200
462	0.0625	0.1	2	5	2.0	2495	25	91	97	106	232	277	280	88	2	2	2
463	0.0625	0.1	2	5	2.0	2495	25	91	97	106	232	277	280	88	200	200	200
464	0.0625	0.1	5	2	0.001	2	25	91	97	106	232	277	280	88	2	2	2
465	0.0625	0.1	5	2	0.001	2	25	91	97	106	232	277	280	88	200	200	200
466	0.0625	0.1	5	2	0.001	2495	25	91	97	106	232	277	280	88	2	2	2
467	0.0625	0.1	5	2	0.001	2495	25	91	97	106	232	277	280	88	200	200	200
468	0.0625	0.1	5	2	2.0	2	25	91	97	106	232	277	280	88	2	2	2
469	0.0625	0.1	5	2	2.0	2	25	91	97	106	232	277	280	88	200	200	200
470	0.0625	0.1	5	2	2.0	2495	25	91	97	106	232	277	280	88	2	2	2
471	0.0625	0.1	5	2	2.0	2495	25	91	97	106	232	277	280	88	200	200	200
472	0.0625	0.1	5	5	0.001	2	25	91	97	106	232	277	280	88	2	2	2
473	0.0625	0.1	5	5	0.001	2	25	91	97	106	232	277	280	88	200	200	200
474	0.0625	0.1	5	5	0.001	2495	25	91	97	106	232	277	280	88	2	2	2
475	0.0625	0.1	5	5	0.001	2495	25	91	97	106	232	277	280	88	200	200	200
476	0.0625	0.1	5	5	2.0	2	25	91	97	106	232	277	280	88	2	2	2
477	0.0625	0.1	5	5	2.0	2	25	91	97	106	232	277	280	88	200	200	200
478	0.0625	0.1	5	5	2.0	2495	25	91	97	106	232	277	280	88	2	2	2
479	0.0625	0.1	5	5	2.0	2495	25	91	97	106	232	277	280	88	200	200	200
480	0.0625	20.0	2	2	0.001	2	25	91	97	106	232	277	280	88	2	2	2
481	0.0625	20.0	2	2	0.001	2	25	91	97	106	232	277	280	88	200	200	200
482	0.0625	20.0	2	2	0.001	2495	25	91	97	106	232	277	280	88	2	2	2
483	0.0625	20.0	2	2	0.001	2495	25	91	97	106	232	277	280	88	200	200	200
484	0.0625	20.0	2	2	2.0	2	25	91	97	106	232	277	280	88	2	2	2
485	0.0625	20.0	2	2	2.0	2	25	91	97	106	232	277	280	88	200	200	200
486	0.0625	20.0	2	2	2.0	2495	25	91	97	106	232	277	280	88	2	2	2
487	0.0625	20.0	2	2	2.0	2495	25	91	97	106	232	277	280	88	200	200	200
488	0.0625	20.0	2	5	0.001	2	25	91	97	106	232	277	280	88	2	2	2
489	0.0625	20.0	2	5	0.001	2	25	91	97	106	232	277	280	88	200	200	200
490	0.0625	20.0	2	5	0.001	2495	25	91	97	106	232	277	280	88	2	2	2
491	0.0625	20.0	2	5	0.001	2495	25	91	97	106	232	277	280	88	200	200	200
492	0.0625	20.0	2	5	2.0	2	25	91	97	106	232	277	280	88	2	2	2
493	0.0625	20.0	2	5	2.0	2	25	91	97	106	232	277	280	88	200	200	200
494	0.0625	20.0	2	5	2.0	2495	25	91	97	106	232	277	280	88	2	2	2
495	0.0625	20.0	2	5	2.0	2495	25	91	97	106	232	277	280	88	200	200	200
496	0.0625	20.0	5	2	0.001	2	25	91	97	106	232	277	280	88	2	2	2
497	0.0625	20.0	5	2	0.001	2	25	91	97	106	232	277	280	88	200	200	200
498	0.0625	20.0	5	2	0.001	2495	25	91	97	106	232	277	280	88	2	2	2
499	0.0625	20.0	5	2	0.001	2495	25	91	97	106	232	277	280	88	200	200	200
500	0.0625	20.0	5	2	2.0	2	25	91	97	106	232	277	280	88	2	2	2
501	0.0625	20.0	5	2	2.0	2	25	91	97	106	232	277	280	88	200	200	200
502	0.0625	20.0	5	2	2.0	2495	25	91	97	106	232	277	280	88	2	2	2
503	0.0625	20.0	5	2	2.0	2495	25	91	97	106	232	277	280	88	200	200	200
504	0.0625	20.0	5	5	0.001	2	25	91	97	106	232	277	280	88	2	2	2
505	0.0625	20.0	5	5	0.001	2	25	91	97	106	232	277	280	88	200	200	200
506	0.0625	20.0	5	5	0.001	2495	25	91	97	106	232	277	280	88	2	2	2
507	0.0625	20.0	5	5	0.001	2495	25	91	97	106	232	277	280	88	200	200	200
508	0.0625	20.0	5	5	2.0	2	25	91	97	106	232	277	280	88	2	2	2
509	0.0625	20.0	5	5	2.0	2	25	91	97	106	232	277	280	88	200	200	200
510	0.0625	20.0	5	5	2.0	2495	25	91	97	106	232	277	280	88	2	2	2
511	0.0625	20.0	5	5	2.0	2495	25	91	97	106	232	277	280	88	200	200	200
512	0.0625	0.1	2	2	0.001	2	25	325	331	340	466	511	514	322	2	2	2
513	0.0625	0.1	2	2	0.001	2	25	325	331	340	466	511	514	322	200	200	200
514	0.0625	0.1	2	2	0.001	2495	25	325	331	340	466	511	514	322	2	2	2
515	0.0625	0.1	2	2	0.001	2495	25	325	331	340	466	511	514	322	200	200	200
516	0.0625	0.1	2	2	2.0	2	25	325	331	340	466	511	514	322	2	2	2
517	0.0625	0.1	2	2	2.0	2	25	325	331	340	466	511	514	322	200	200	200
518	0.0625	0.1	2	2	2.0	2495	25	325	331	340	466	511	514	322	2	2	2
519	0.0625	0.1	2	2	2.0	2495	25	325	331	340	466	511	514	322	200	200	200
520	0.0625	0.1	2	5	0.001	2	25	325	331	340	466	511	514	322	2	2	2
521	0.0625	0.1	2	5	0.001	2	25	325	331	340	466	511	514	322	200	200	200
522	0.0625	0.1	2	5	0.001	2495	25	325	331	340	466	511	514	322	2	2	2
523	0.0625	0.1	2	5	0.001	2495	25	325	331	340	466	511	514	322	200	200	200
524	0.0625	0.1	2	5	2.0	2	25	325	331	340	466	511	514	322	2	2	2
525	0.0625	0.1	2	5	2.0	2	25	325	331	340	466	511	514	322	200	200	200
526	0.0625	0.1	2	5	2.0	2495	25	325	331	340	466	511	514	322	2	2	2
527	0.0625	0.1	2	5	2.0	2495	25	325	331	340	466	511	514	322	200	200	200
528	0.0625	0.1	5	2	0.001	2	25	325	331	340	466	511	514	322	2	2	2
529	0.0625	0.1	5	2	0.001	2	25	325	331	340	466	511	514	322	200	200	200
530	0.0625	0.1	5	2	0.001	2495	25	325	331	340	466	511	514	322	2	2	2
531	0.0625	0.1	5	2	0.001	2495	25	325	331	340	466	511	514	322	200	200	200
532	0.0625	0.1	5	2	2.0	2	25	325	331	340	466	511	514	322	2	2	2
533	0.0625	0.1	5	2	2.0	2	25	325	331	340	466	511	514	322	200	200	200
534	0.0625	0.1	5	2	2.0	2495	25	325	331	340	466	511	514	322	2	2	2
535	0.0625	0.1	5	2	2.0	2495	25	325	331	340	466	511	514	322	200	200	200
536	0.0625	0.1	5	5	0.001	2	25	325	331	340	466	511	514	322	2	2	2
537	0.0625	0.1	5	5	0.001	2	25	325	331	340	466	511	514	322	200	200	200
538	0.0625	0.1	5	5	0.001	2495	25	325	331	340	466	511	514	322	2	2	2
539	0.0625	0.1	5	5	0.001	2495	25	325	331	340	466	511	514	322	200	200	200
540	0.0625	0.1	5	5	2.0	2	25	325	331	340	466	511	514	322	2	2	2
541	0.0625	0.1	5	5	2.0	2	25	325	331	340	466	511	514	322	200	200	200
542	0.0625	0.1	5	5	2.0	2495	25	325	331	340	466	511	514	322	2	2	2
543	0.0625	0.1	5	5	2.0	2495	25	325	331	340	466	511	514	322	200	200	200
544	0.0625	20.0	2	2	0.001	2	25	325	331	340	466	511	514	322	2	2	2
545	0.0625	20.0	2	2	0.001	2	25	325	331	340	466	511	514	322	200	200	200
546	0.0625	20.0	2	2	0.001	2495	25	325	331	340	466	511	514	322	2	2	2
547	0.0625	20.0	2	2	0.001	2495	25	325	331	340	466	511	514	322	200	200	200
548	0.0625	20.0	2	2	2.0	2	25	325	331	340	466	511	514	322	2	2	2
549	0.0625	20.0	2	2	2.0	2	25	325	331	340	466	511	514	322	200	200	200
550	0.0625	20.0	2	2	2.0	2495	25	325	331	340	466	511	514	322	2	2	2
551	0.0625	20.0	2	2	2.0	2495	25	325	331	340	466	511	514	322	200	200	200
552	0.0625	20.0	2	5	0.001	2	25	325	331	340	466	511	514	322	2	2	2
553	0.0625	20.0	2	5	0.001	2	25	325	331	340	466	511	514	322	200	200	200
554	0.0625	20.0	2	5	0.001	2495	25	325	331	340	466	511	514	322	2	2	2
555	0.0625	20.0	2	5	0.001	2495	25	325	331	340	466	511	514	322	200	200	200
556	0.0625	20.0	2	5	2.0	2	25	325	331	340	466	511	514	322	2	2	2
557	0.0625	20.0	2	5	2.0	2	25	325	331	340	466	511	514	322	200	200	200
558	0.0625	20.0	2	5	2.0	2495	25	325	331	340	466	511	514	322	2	2	2
559	0.0625	20.0	2	5	2.0	2495	25	325	331	340	466	511	514	322	200	200	200
560	0.0625	20.0	5	2	0.001	2	25	325	331	340	466	511	514	322	2	2	2
561	0.0625	20.0	5	2	0.001	2	25	325	331	340	466	511	514	322	200	200	200
562	0.0625	20.0	5	2	0.001	2495	25	325	331	340	466	511	514	322	2	2	2
563	0.0625	20.0	5	2	0.001	2495	25	325	331	340	466	511	514	322	200	200	200
564	0.0625	20.0	5	2	2.0	2	25	325	331	340	466	511	514	322	2	2	2
565	0.0625	20.0	5	2	2.0	2	25	325	331	340	466	511	514	322	200	200	200
566	0.0625	20.0	5	2	2.0	2495	25	325	331	340	466	511	514	322	2	2	2
567	0.0625	20.0	5	2	2.0	2495	25	325	331	340	466	511	514	322	200	200	200
568	0.0625	20.0	5	5	0.001	2	25	325	331	340	466	511	514	322	2	2	2
569	0.0625	20.0	5	5	0.001	2	25	325	331	340	466	511	514	322	200	200	200
570	0.0625	20.0	5	5	0.001	2495	25	325	331	340	466	511	514	322	2	2	2
571	0.0625	20.0	5	5	0.001	2495	25	325	331	340	466	511	514	322	200	200	200
572	0.0625	20.0	5	5	2.0	2	25	325	331	340	466	511	514	322	2	2	2
573	0.0625	20.0	5	5	2.0	2	25	325	331	340	466	511	514	322	200	200	200
574	0.0625	20.0	5	5	2.0	2495	25	325	331	340	466	511	514	322	2	2	2
575	0.0625	20.0	5	5	2.0	2495	25	325	331	340	466	511	514	322	200	200	200
576	0.125	0.1	2	2	0.001	2	25	88	94	103	229	274	277	85	2	2	2
577	0.125	0.1	2	2	0.001	2	25	88	94	103	229	274	277	85	200	200	200
578	0.125	0.1	2	2	0.001	2495	25	88	94	103	229	274	277	85	2	2	2
579	0.125	0.1	2	2	0.001	2495	25	88	94	103	229	274	277	85	200	200	200
580	0.125	0.1	2	2	2.0	2	25	88	94	103	229	274	277	85	2	2	2
581	0.125	0.1	2	2	2.0	2	25	88	94	103	229	274	277	85	200	200	200
582	0.125	0.1	2	2	2.0	2495	25	88	94	103	229	274	277	85	2	2	2
583	0.125	0.1	2	2	2.0	2495	25	88	94	103	229	274	277	85	200	200	200
584	0.125	0.1	2	5	0.001	2	25	88	94	103	229	274	277	85	2	2	2
585	0.125	0.1	2	5	0.001	2	25	88	94	103	229	274	277	85	200	200	200
586	0.125	0.1	2	5	0.001	2495	25	88	94	103	229	274	277	85	2	2	2
587	0.125	0.1	2	5	0.001	2495	25	88	94	103	229	274	277	85	200	200	200
588	0.125	0.1	2	5	2.0	2	25	88	94	103	229	274	277	85	2	2	2
589	0.125	0.1	2	5	2.0	2	25	88	94	103	229	274	277	85	200	200	200
590	0.125	0.1	2	5	2.0	2495	25	88	94	103	229	274	277	85	2	2	2
591	0.125	0.1	2	5	2.0	2495	25	88	94	103	229	274	277	85	200	200	200
592	0.125	0.1	5	2	0.001	2	25	88	94	103	229	274	277	85	2	2	2
593	0.125	0.1	5	2	0.001	2	25	88	94	103	229	274	277	85	200	200	200
594	0.125	0.1	5	2	0.001	2495	25	88	94	103	229	274	277	85	2	2	2
595	0.125	0.1	5	2	0.001	2495	25	88	94	103	229	274	277	85	200	200	200
596	0.125	0.1	5	2	2.0	2	25	88	94	103	229	274	277	85	2	2	2
597	0.125	0.1	5	2	2.0	2	25	88	94	103	229	274	277	85	200	200	200
598	0.125	0.1	5	2	2.0	2495	25	88	94	103	229	274	277	85	2	2	2
599	0.125	0.1	5	2	2.0	2495	25	88	94	103	229	274	277	85	200	200	200
600	0.125	0.1	5	5	0.001	2	25	88	94	103	229	274	277	85	2	2	2
601	0.125	0.1	5	5	0.001	2	25	88	94	103	229	274	277	85	200	200	200
602	0.125	0.1	5	5	0.001	2495	25	88	94	103	229	274	277	85	2	2	2
603	0.125	0.1	5	5	0.001	2495	25	88	94	103	229	274	277	85	200	200	200
604	0.125	0.1	5	5	2.0	2	25	88	94	103	229	274	277	85	2	2	2
605	0.125	0.1	5	5	2.0	2	25	88	94	103	229	274	277	85	200	200	200
606	0.125	0.1	5	5	2.0	2495	25	88	94	103	229	274	277	85	2	2	2
607	0.125	0.1	5	5	2.0	2495	25	88	94	103	229	274	277	85	200	200	200
608	0.125	20.0	2	2	0.001	2	25	88	94	103	229	274	277	85	2	2	2
609	0.125	20.0	2	2	0.001	2	25	88	94	103	229	274	277	85	200	200	200
610	0.125	20.0	2	2	0.001	2495	25	88	94	103	229	274	277	85	2	2	2
611	0.125	20.0	2	2	0.001	2495	25	88	94	103	229	274	277	85	200	200	200
612	0.125	20.0	2	2	2.0	2	25	88	94	103	229	274	277	85	2	2	2
613	0.125	20.0	2	2	2.0	2	25	88	94	103	229	274	277	85	200	200	200
614	0.125	20.0	2	2	2.0	2495	25	88	94	103	229	274	277	85	2	2	2
615	0.125	20.0	2	2	2.0	2495	25	88	94	103	229	274	277	85	200	200	200
616	0.125	20.0	2	5	0.001	2	25	88	94	103	229	274	277	85	2	2	2
617	0.125	20.0	2	5	0.001	2	25	88	94	103	229	274	277	85	200	200	200
618	0.125	20.0	2	5	0.001	2495	25	88	94	103	229	274	277	85	2	2	2
619	0.125	20.0	2	5	0.001	2495	25	88	94	103	229	274	277	85	200	200	200
620	0.125	20.0	2	5	2.0	2	25	88	94	103	229	274	277	85	2	2	2
621	0.125	20.0	2	5	2.0	2	25	88	94	103	229	274	277	85	200	200	200
622	0.125	20.0	2	5	2.0	2495	25	88	94	103	229	274	277	85	2	2	2
623	0.125	20.0	2	5	2.0	2495	25	88	94	103	229	274	277	85	200	200	200
624	0.125	20.0	5	2	0.001	2	25	88	94	103	229	274	277	85	2	2	2
625	0.125	20.0	5	2	0.001	2	25	88	94	103	229	274	277	85	200	200	200
626	0.125	20.0	5	2	0.001	2495	25	88	94	103	229	274	277	85	2	2	2
627	0.125	20.0	5	2	0.001	2495	25	88	94	103	229	274	277	85	200	200	200
628	0.125	20.0	5	2	2.0	2	25	88	94	103	229	274	277	85	2	2	2
629	0.125	20.0	5	2	2.0	2	25	88	94	103	229	274	277	85	200	200	200
630	0.125	20.0	5	2	2.0	2495	25	88	94	103	229	274	277	85	2	2	2
631	0.125	20.0	5	2	2.0	2495	25	88	94	103	229	274	277	85	200	200	200
632	0.125	20.0	5	5	0.001	2	25	88	94	103	229	274	277	85	2	2	2
633	0.125	20.0	5	5	0.001	2	25	88	94	103	229	274	277	85	200	200	200
634	0.125	20.0	5	5	0.001	2495	25	88	94	103	229	274	277	85	2	2	2
635	0.125	20.0	5	5	0.001	2495	25	88	94	103	229	274	277	85	200	200	200
636	0.125	20.0	5	5	2.0	2	25	88	94	103	229	274	277	85	2	2	2
637	0.125	20.0	5	5	2.0	2	25	88	94	103	229	274	277	85	200	200	200
638	0.125	20.0	5	5	2.0	2495	25	88	94	103	229	274	277	85	2	2	2
639	0.125	20.0	5	5	2.0	2495	25	88	94	103	229	274	277	85	200	200	200
640	0.125	0.1	2	2	0.001	2	25	91	97	106	232	277	280	88	2	2	2
641	0.125	0.1	2	2	0.001	2	25	91	97	106	232	277	280	88	200	200	200
642	0.125	0.1	2	2	0.001	2495	25	91	97	106	232	277	280	88	2	2	2
643	0.125	0.1	2	2	0.001	2495	25	91	97	106	232	277	280	88	200	200	200
644	0.125	0.1	2	2	2.0	2	25	91	97	106	232	277	280	88	2	2	2
645	0.125	0.1	2	2	2.0	2	25	91	97	106	232	277	280	88	200	200	200
646	0.125	0.1	2	2	2.0	2495	25	91	97	106	232	277	280	88	2	2	2
647	0.125	0.1	2	2	2.0	2495	25	91	97	106	232	277	280	88	200	200	200
648	0.125	0.1	2	5	0.001	2	25	91	97	106	232	277	280	88	2	2	2
649	0.125	0.1	2	5	0.001	2	25	91	97	106	232	277	280	88	200	200	200
650	0.125	0.1	2	5	0.001	2495	25	91	97	106	232	277	280	88	2	2	2
651	0.125	0.1	2	5	0.001	2495	25	91	97	106	232	277	280	88	200	200	200
652	0.125	0.1	2	5	2.0	2	25	91	97	106	232	277	280	88	2	2	2
653	0.125	0.1	2	5	2.0	2	25	91	97	106	232	277	280	88	200	200	200
654	0.125	0.1	2	5	2.0	2495	25	91	97	106	232	277	280	88	2	2	2
655	0.125	0.1	2	5	2.0	2495	25	91	97	106	232	277	280	88	200	200	200
656	0.125	0.1	5	2	0.001	2	25	91	97	106	232	277	280	88	2	2	2
657	0.125	0.1	5	2	0.001	2	25	91	97	106	232	277	280	88	200	200	200
658	0.125	0.1	5	2	0.001	2495	25	91	97	106	232	277	280	88	2	2	2
659	0.125	0.1	5	2	0.001	2495	25	91	97	106	232	277	280	88	200	200	200
660	0.125	0.1	5	2	2.0	2	25	91	97	106	232	277	280	88	2	2	2
661	0.125	0.1	5	2	2.0	2	25	91	97	106	232	277	280	88	200	200	200
662	0.125	0.1	5	2	2.0	2495	25	91	97	106	232	277	280	88	2	2	2
663	0.125	0.1	5	2	2.0	2495	25	91	97	106	232	277	280	88	200	200	200
664	0.125	0.1	5	5	0.001	2	25	91	97	106	232	277	280	88	2	2	2
665	0.125	0.1	5	5	0.001	2	25	91	97	106	232	277	280	88	200	200	200
666	0.125	0.1	5	5	0.001	2495	25	91	97	106	232	277	280	88	2	2	2
667	0.125	0.1	5	5	0.001	2495	25	91	97	106	232	277	280	88	200	200	200
668	0.125	0.1	5	5	2.0	2	25	91	97	106	232	277	280	88	2	2	2
669	0.125	0.1	5	5	2.0	2	25	91	97	106	232	277	280	88	200	200	200
670	0.125	0.1	5	5	2.0	2495	25	91	97	106	232	277	280	88	2	2	2
671	0.125	0.1	5	5	2.0	2495	25	91	97	106	232	277	280	88	200	200	200
672	0.125	20.0	2	2	0.001	2	25	91	97	106	232	277	280	88	2	2	2
673	0.125	20.0	2	2	0.001	2	25	91	97	106	232	277	280	88	200	200	200
674	0.125	20.0	2	2	0.001	2495	25	91	97	106	232	277	280	88	2	2	2
675	0.125	20.0	2	2	0.001	2495	25	91	97	106	232	277	280	88	200	200	200
676	0.125	20.0	2	2	2.0	2	25	91	97	106	232	277	280	88	2	2	2
677	0.125	20.0	2	2	2.0	2	25	91	97	106	232	277	280	88	200	200	200
678	0.125	20.0	2	2	2.0	2495	25	91	97	106	232	277	280	88	2	2	2
679	0.125	20.0	2	2	2.0	2495	25	91	97	106	232	277	280	88	200	200	200
680	0.125	20.0	2	5	0.001	2	25	91	97	106	232	277	280	88	2	2	2
681	0.125	20.0	2	5	0.001	2	25	91	97	106	232	277	280	88	200	200	200
682	0.125	20.0	2	5	0.001	2495	25	91	97	106	232	277	280	88	2	2	2
683	0.125	20.0	2	5	0.001	2495	25	91	97	106	232	277	280	88	200	200	200
684	0.125	20.0	2	5	2.0	2	25	91	97	106	232	277	280	88	2	2	2
685	0.125	20.0	2	5	2.0	2	25	91	97	106	232	277	280	88	200	200	200
686	0.125	20.0	2	5	2.0	2495	25	91	97	106	232	277	280	88	2	2	2
687	0.125	20.0	2	5	2.0	2495	25	91	97	106	232	277	280	88	200	200	200
688	0.125	20.0	5	2	0.001	2	25	91	97	106	232	277	280	88	2	2	2
689	0.125	20.0	5	2	0.001	2	25	91	97	106	232	277	280	88	200	200	200
690	0.125	20.0	5	2	0.001	2495	25	91	97	106	232	277	280	88	2	2	2
691	0.125	20.0	5	2	0.001	2495	25	91	97	106	232	277	280	88	200	200	200
692	0.125	20.0	5	2	2.0	2	25	91	97	106	232	277	280	88	2	2	2
693	0.125	20.0	5	2	2.0	2	25	91	97	106	232	277	280	88	200	200	200
694	0.125	20.0	5	2	2.0	2495	25	91	97	106	232	277	280	88	2	2	2
695	0.125	20.0	5	2	2.0	2495	25	91	97	106	232	277	280	88	200	200	200
696	0.125	20.0	5	5	0.001	2	25	91	97	106	232	277	280	88	2	2	2
697	0.125	20.0	5	5	0.001	2	25	91	97	106	232	277	280	88	200	200	200
698	0.125	20.0	5	5	0.001	2495	25	91	97	106	232	277	280	88	2	2	2
699	0.125	20.0	5	5	0.001	2495	25	91	97	106	232	277	280	88	200	200	200
700	0.125	20.0	5	5	2.0	2	25	91	97	106	232	277	280	88	2	2	2
701	0.125	20.0	5	5	2.0	2	25	91	97	106	232	277	280	88	200	200	200
702	0.125	20.0	5	5	2.0	2495	25	91	97	106	232	277	280	88	2	2	2
703	0.125	20.0	5	5	2.0	2495	25	91	97	106	232	277	280	88	200	200	200
704	0.125	0.1	2	2	0.001	2	25	325	331	340	466	511	514	322	2	2	2
705	0.125	0.1	2	2	0.001	2	25	325	331	340	466	511	514	322	200	200	200
706	0.125	0.1	2	2	0.001	2495	25	325	331	340	466	511	514	322	2	2	2
707	0.125	0.1	2	2	0.001	2495	25	325	331	340	466	511	514	322	200	200	200
708	0.125	0.1	2	2	2.0	2	25	325	331	340	466	511	514	322	2	2	2
709	0.125	0.1	2	2	2.0	2	25	325	331	340	466	511	514	322	200	200	200
710	0.125	0.1	2	2	2.0	2495	25	325	331	340	466	511	514	322	2	2	2
711	0.125	0.1	2	2	2.0	2495	25	325	331	340	466	511	514	322	200	200	200
712	0.125	0.1	2	5	0.001	2	25	325	331	340	466	511	514	322	2	2	2
713	0.125	0.1	2	5	0.001	2	25	325	331	340	466	511	514	322	200	200	200
714	0.125	0.1	2	5	0.001	2495	25	325	331	340	466	511	514	322	2	2	2
715	0.125	0.1	2	5	0.001	2495	25	325	331	340	466	511	514	322	200	200	200
716	0.125	0.1	2	5	2.0	2	25	325	331	340	466	511	514	322	2	2	2
717	0.125	0.1	2	5	2.0	2	25	325	331	340	466	511	514	322	200	200	200
718	0.125	0.1	2	5	2.0	2495	25	325	331	340	466	511	514	322	2	2	2
719	0.125	0.1	2	5	2.0	2495	25	325	331	340	466	511	514	322	200	200	200
720	0.125	0.1	5	2	0.001	2	25	325	331	340	466	511	514	322	2	2	2
721	0.125	0.1	5	2	0.001	2	25	325	331	340	466	511	514	322	200	200	200
722	0.125	0.1	5	2	0.001	2495	25	325	331	340	466	511	514	322	2	2	2
723	0.125	0.1	5	2	0.001	2495	25	325	331	340	466	511	514	322	200	200	200
724	0.125	0.1	5	2	2.0	2	25	325	331	340	466	511	514	322	2	2	2
725	0.125	0.1	5	2	2.0	2	25	325	331	340	466	511	514	322	200	200	200
726	0.125	0.1	5	2	2.0	2495	25	325	331	340	466	511	514	322	2	2	2
727	0.125	0.1	5	2	2.0	2495	25	325	331	340	466	511	514	322	200	200	200
728	0.125	0.1	5	5	0.001	2	25	325	331	340	466	511	514	322	2	2	2
729	0.125	0.1	5	5	0.001	2	25	325	331	340	466	511	514	322	200	200	200
730	0.125	0.1	5	5	0.001	2495	25	325	331	340	466	511	514	322	2	2	2
731	0.125	0.1	5	5	0.001	2495	25	325	331	340	466	511	514	322	200	200	200
732	0.125	0.1	5	5	2.0	2	25	325	331	340	466	511	514	322	2	2	2
733	0.125	0.1	5	5	2.0	2	25	325	331	340	466	511	514	322	200	200	200
734	0.125	0.1	5	5	2.0	2495	25	325	331	340	466	511	514	322	2	2	2
735	0.125	0.1	5	5	2.0	2495	25	325	331	340	466	511	514	322	200	200	200
736	0.125	20.0	2	2	0.001	2	25	325	331	340	466	511	514	322	2	2	2
737	0.125	20.0	2	2	0.001	2	25	325	331	340	466	511	514	322	200	200	200
738	0.125	20.0	2	2	0.001	2495	25	325	331	340	466	511	514	322	2	2	2
739	0.125	20.0	2	2	0.001	2495	25	325	331	340	466	511	514	322	200	200	200
740	0.125	20.0	2	2	2.0	2	25	325	331	340	466	511	514	322	2	2	2
741	0.125	20.0	2	2	2.0	2	25	325	331	340	466	511	514	322	200	200	200
742	0.125	20.0	2	2	2.0	2495	25	325	331	340	466	511	514	322	2	2	2
743	0.125	20.0	2	2	2.0	2495	25	325	331	340	466	511	514	322	200	200	200
744	0.125	20.0	2	5	0.001	2	25	325	331	340	466	511	514	322	2	2	2
745	0.125	20.0	2	5	0.001	2	25	325	331	340	466	511	514	322	200	200	200
746	0.125	20.0	2	5	0.001	2495	25	325	331	340	466	511	514	322	2	2	2
747	0.125	20.0	2	5	0.001	2495	25	325	331	340	466	511	514	322	200	200	200
748	0.125	20.0	2	5	2.0	2	25	325	331	340	466	511	514	322	2	2	2
749	0.125	20.0	2	5	2.0	2	25	325	331	340	466	511	514	322	200	200	200
750	0.125	20.0	2	5	2.0	2495	25	325	331	340	466	511	514	322	2	2	2
751	0.125	20.0	2	5	2.0	2495	25	325	331	340	466	511	514	322	200	200	200
752	0.125	20.0	5	2	0.001	2	25	325	331	340	466	511	514	322	2	2	2
753	0.125	20.0	5	2	0.001	2	25	325	331	340	466	511	514	322	200	200	200
754	0.125	20.0	5	2	0.001	2495	25	325	331	340	466	511	514	322	2	2	2
755	0.125	20.0	5	2	0.001	2495	25	325	331	340	466	511	514	322	200	200	200
756	0.125	20.0	5	2	2.0	2	25	325	331	340	466	511	514	322	2	2	2
757	0.125	20.0	5	2	2.0	2	25	325	331	340	466	511	514	322	200	200	200
758	0.125	20.0	5	2	2.0	2495	25	325	331	340	466	511	514	322	2	2	2
759	0.125	20.0	5	2	2.0	2495	25	325	331	340	466	511	514	322	200	200	200
760	0.125	20.0	5	5	0.001	2	25	325	331	340	466	511	514	322	2	2	2
761	0.125	20.0	5	5	0.001	2	25	325	331	340	466	511	514	322	200	200	200
762	0.125	20.0	5	5	0.001	2495	25	325	331	340	466	511	514	322	2	2	2
763	0.125	20.0	5	5	0.001	2495	25	325	331	340	466	511	514	322	200	200	200
764	0.125	20.0	5	5	2.0	2	25	325	331	340	466	511	514	322	2	2	2
765	0.125	20.0	5	5	2.0	2	25	325	331	340	466	511	514	322	200	200	200
766	0.125	20.0	5	5	2.0	2495	25	325	331	340	466	511	514	322	2	2	2
767	0.125	20.0	5	5	2.0	2495	25	325	331	340	466	511	514	322	200	200	200
768	0.25	0.1	2	2	0.001	2	25	88	94	103	229	274	277	85	2	2	2
769	0.25	0.1	2	2	0.001	2	25	88	94	103	229	274	277	85	200	200	200
770	0.25	0.1	2	2	0.001	2495	25	88	94	103	229	274	277	85	2	2	2
771	0.25	0.1	2	2	0.001	2495	25	88	94	103	229	274	277	85	200	200	200
772	0.25	0.1	2	2	2.0	2	25	88	94	103	229	274	277	85	2	2	2
773	0.25	0.1	2	2	2.0	2	25	88	94	103	229	274	277	85	200	200	200
774	0.25	0.1	2	2	2.0	2495	25	88	94	103	229	274	277	85	2	2	2
775	0.25	0.1	2	2	2.0	2495	25	88	94	103	229	274	277	85	200	200	200
776	0.25	0.1	2	5	0.001	2	25	88	94	103	229	274	277	85	2	2	2
777	0.25	0.1	2	5	0.001	2	25	88	94	103	229	274	277	85	200	200	200
778	0.25	0.1	2	5	0.001	2495	25	88	94	103	229	274	277	85	2	2	2
779	0.25	0.1	2	5	0.001	2495	25	88	94	103	229	274	277	85	200	200	200
780	0.25	0.1	2	5	2.0	2	25	88	94	103	229	274	277	85	2	2	2
781	0.25	0.1	2	5	2.0	2	25	88	94	103	229	274	277	85	200	200	200
782	0.25	0.1	2	5	2.0	2495	25	88	94	103	229	274	277	85	2	2	2
783	0.25	0.1	2	5	2.0	2495	25	88	94	103	229	274	277	85	200	200	200
784	0.25	0.1	5	2	0.001	2	25	88	94	103	229	274	277	85	2	2	2
785	0.25	0.1	5	2	0.001	2	25	88	94	103	229	274	277	85	200	200	200
786	0.25	0.1	5	2	0.001	2495	25	88	94	103	229	274	277	85	2	2	2
787	0.25	0.1	5	2	0.001	2495	25	88	94	103	229	274	277	85	200	200	200
788	0.25	0.1	5	2	2.0	2	25	88	94	103	229	274	277	85	2	2	2
789	0.25	0.1	5	2	2.0	2	25	88	94	103	229	274	277	85	200	200	200
790	0.25	0.1	5	2	2.0	2495	25	88	94	103	229	274	277	85	2	2	2
791	0.25	0.1	5	2	2.0	2495	25	88	94	103	229	274	277	85	200	200	200
792	0.25	0.1	5	5	0.001	2	25	88	94	103	229	274	277	85	2	2	2
793	0.25	0.1	5	5	0.001	2	25	88	94	103	229	274	277	85	200	200	200
794	0.25	0.1	5	5	0.001	2495	25	88	94	103	229	274	277	85	2	2	2
795	0.25	0.1	5	5	0.001	2495	25	88	94	103	229	274	277	85	200	200	200
796	0.25	0.1	5	5	2.0	2	25	88	94	103	229	274	277	85	2	2	2
797	0.25	0.1	5	5	2.0	2	25	88	94	103	229	274	277	85	200	200	200
798	0.25	0.1	5	5	2.0	2495	25	88	94	103	229	274	277	85	2	2	2
799	0.25	0.1	5	5	2.0	2495	25	88	94	103	229	274	277	85	200	200	200
800	0.25	20.0	2	2	0.001	2	25	88	94	103	229	274	277	85	2	2	2
801	0.25	20.0	2	2	0.001	2	25	88	94	103	229	274	277	85	200	200	200
802	0.25	20.0	2	2	0.001	2495	25	88	94	103	229	274	277	85	2	2	2
803	0.25	20.0	2	2	0.001	2495	25	88	94	103	229	274	277	85	200	200	200
804	0.25	20.0	2	2	2.0	2	25	88	94	103	229	274	277	85	2	2	2
805	0.25	20.0	2	2	2.0	2	25	88	94	103	229	274	277	85	200	200	200
806	0.25	20.0	2	2	2.0	2495	25	88	94	103	229	274	277	85	2	2	2
807	0.25	20.0	2	2	2.0	2495	25	88	94	103	229	274	277	85	200	200	200
808	0.25	20.0	2	5	0.001	2	25	88	94	103	229	274	277	85	2	2	2
809	0.25	20.0	2	5	0.001	2	25	88	94	103	229	274	277	85	200	200	200
810	0.25	20.0	2	5	0.001	2495	25	88	94	103	229	274	277	85	2	2	2
811	0.25	20.0	2	5	0.001	2495	25	88	94	103	229	274	277	85	200	200	200
812	0.25	20.0	2	5	2.0	2	25	88	94	103	229	274	277	85	2	2	2
813	0.25	20.0	2	5	2.0	2	25	88	94	103	229	274	277	85	200	200	200
814	0.25	20.0	2	5	2.0	2495	25	88	94	103	229	274	277	85	2	2	2
815	0.25	20.0	2	5	2.0	2495	25	88	94	103	229	274	277	85	200	200	200
816	0.25	20.0	5	2	0.001	2	25	88	94	103	229	274	277	85	2	2	2
817	0.25	20.0	5	2	0.001	2	25	88	94	103	229	274	277	85	200	200	200
818	0.25	20.0	5	2	0.001	2495	25	88	94	103	229	274	277	85	2	2	2
819	0.25	20.0	5	2	0.001	2495	25	88	94	103	229	274	277	85	200	200	200
820	0.25	20.0	5	2	2.0	2	25	88	94	103	229	274	277	85	2	2	2
821	0.25	20.0	5	2	2.0	2	25	88	94	103	229	274	277	85	200	200	200
822	0.25	20.0	5	2	2.0	2495	25	88	94	103	229	274	277	85	2	2	2
823	0.25	20.0	5	2	2.0	2495	25	88	94	103	229	274	277	85	200	200	200
824	0.25	20.0	5	5	0.001	2	25	88	94	103	229	274	277	85	2	2	2
825	0.25	20.0	5	5	0.001	2	25	88	94	103	229	274	277	85	200	200	200
826	0.25	20.0	5	5	0.001	2495	25	88	94	103	229	274	277	85	2	2	2
827	0.25	20.0	5	5	0.001	2495	25	88	94	103	229	274	277	85	200	200	200
828	0.25	20.0	5	5	2.0	2	25	88	94	103	229	274	277	85	2	2	2
829	0.25	20.0	5	5	2.0	2	25	88	94	103	229	274	277	85	200	200	200
830	0.25	20.0	5	5	2.0	2495	25	88	94	103	229	274	277	85	2	2	2
831	0.25	20.0	5	5	2.0	2495	25	88	94	103	229	274	277	85	200	200	200
832	0.25	0.1	2	2	0.001	2	25	91	97	106	232	277	280	88	2	2	2
833	0.25	0.1	2	2	0.001	2	25	91	97	106	232	277	280	88	200	200	200
834	0.25	0.1	2	2	0.001	2495	25	91	97	106	232	277	280	88	2	2	2
835	0.25	0.1	2	2	0.001	2495	25	91	97	106	232	277	280	88	200	200	200
836	0.25	0.1	2	2	2.0	2	25	91	97	106	232	277	280	88	2	2	2
837	0.25	0.1	2	2	2.0	2	25	91	97	106	232	277	280	88	200	200	200
838	0.25	0.1	2	2	2.0	2495	25	91	97	106	232	277	280	88	2	2	2
839	0.25	0.1	2	2	2.0	2495	25	91	97	106	232	277	280	88	200	200	200
840	0.25	0.1	2	5	0.001	2	25	91	97	106	232	277	280	88	2	2	2
841	0.25	0.1	2	5	0.001	2	25	91	97	106	232	277	280	88	200	200	200
842	0.25	0.1	2	5	0.001	2495	25	91	97	106	232	277	280	88	2	2	2
843	0.25	0.1	2	5	0.001	2495	25	91	97	106	232	277	280	88	200	200	200
844	0.25	0.1	2	5	2.0	2	25	91	97	106	232	277	280	88	2	2	2
845	0.25	0.1	2	5	2.0	2	25	91	97	106	232	277	280	88	200	200	200
846	0.25	0.1	2	5	2.0	2495	25	91	97	106	232	277	280	88	2	2	2
847	0.25	0.1	2	5	2.0	2495	25	91	97	106	232	277	280	88	200	200	200
848	0.25	0.1	5	2	0.001	2	25	91	97	106	232	277	280	88	2	2	2
849	0.25	0.1	5	2	0.001	2	25	91	97	106	232	277	280	88	200	200	200
850	0.25	0.1	5	2	0.001	2495	25	91	97	106	232	277	280	88	2	2	2
851	0.25	0.1	5	2	0.001	2495	25	91	97	106	232	277	280	88	200	200	200
852	0.25	0.1	5	2	2.0	2	25	91	97	106	232	277	280	88	2	2	2
853	0.25	0.1	5	2	2.0	2	25	91	97	106	232	277	280	88	200	200	200
854	0.25	0.1	5	2	2.0	2495	25	91	97	106	232	277	280	88	2	2	2
855	0.25	0.1	5	2	2.0	2495	25	91	97	106	232	277	280	88	200	200	200
856	0.25	0.1	5	5	0.001	2	25	91	97	106	232	277	280	88	2	2	2
857	0.25	0.1	5	5	0.001	2	25	91	97	106	232	277	280	88	200	200	200
858	0.25	0.1	5	5	0.001	2495	25	91	97	106	232	277	280	88	2	2	2
859	0.25	0.1	5	5	0.001	2495	25	91	97	106	232	277	280	88	200	200	200
860	0.25	0.1	5	5	2.0	2	25	91	97	106	232	277	280	88	2	2	2
861	0.25	0.1	5	5	2.0	2	25	91	97	106	232	277	280	88	200	200	200
862	0.25	0.1	5	5	2.0	2495	25	91	97	106	232	277	280	88	2	2	2
863	0.25	0.1	5	5	2.0	2495	25	91	97	106	232	277	280	88	200	200	200
864	0.25	20.0	2	2	0.001	2	25	91	97	106	232	277	280	88	2	2	2
865	0.25	20.0	2	2	0.001	2	25	91	97	106	232	277	280	88	200	200	200
866	0.25	20.0	2	2	0.001	2495	25	91	97	106	232	277	280	88	2	2	2
867	0.25	20.0	2	2	0.001	2495	25	91	97	106	232	277	280	88	200	200	200
868	0.25	20.0	2	2	2.0	2	25	91	97	106	232	277	280	88	2	2	2
869	0.25	20.0	2	2	2.0	2	25	91	97	106	232	277	280	88	200	200	200
870	0.25	20.0	2	2	2.0	2495	25	91	97	106	232	277	280	88	2	2	2
871	0.25	20.0	2	2	2.0	2495	25	91	97	106	232	277	280	88	200	200	200
872	0.25	20.0	2	5	0.001	2	25	91	97	106	232	277	280	88	2	2	2
873	0.25	20.0	2	5	0.001	2	25	91	97	106	232	277	280	88	200	200	200
874	0.25	20.0	2	5	0.001	2495	25	91	97	106	232	277	280	88	2	2	2
875	0.25	20.0	2	5	0.001	2495	25	91	97	106	232	277	280	88	200	200	200
876	0.25	20.0	2	5	2.0	2	25	91	97	106	232	277	280	88	2	2	2
877	0.25	20.0	2	5	2.0	2	25	91	97	106	232	277	280	88	200	200	200
878	0.25	20.0	2	5	2.0	2495	25	91	97	106	232	277	280	88	2	2	2
879	0.25	20.0	2	5	2.0	2495	25	91	97	106	232	277	280	88	200	200	200
880	0.25	20.0	5	2	0.001	2	25	91	97	106	232	277	280	88	2	2	2
881	0.25	20.0	5	2	0.001	2	25	91	97	106	232	277	280	88	200	200	200
882	0.25	20.0	5	2	0.001	2495	25	91	97	106	232	277	280	88	2	2	2
883	0.25	20.0	5	2	0.001	2495	25	91	97	106	232	277	280	88	200	200	200
884	0.25	20.0	5	2	2.0	2	25	91	97	106	232	277	280	88	2	2	2
885	0.25	20.0	5	2	2.0	2	25	91	97	106	232	277	280	88	200	200	200
886	0.25	20.0	5	2	2.0	2495	25	91	97	106	232	277	280	88	2	2	2
887	0.25	20.0	5	2	2.0	2495	25	91	97	106	232	277	280	88	200	200	200
888	0.25	20.0	5	5	0.001	2	25	91	97	106	232	277	280	88	2	2	2
889	0.25	20.0	5	5	0.001	2	25	91	97	106	232	277	280	88	200	200	200
890	0.25	20.0	5	5	0.001	2495	25	91	97	106	232	277	280	88	2	2	2
891	0.25	20.0	5	5	0.001	2495	25	91	97	106	232	277	280	88	200	200	200
892	0.25	20.0	5	5	2.0	2	25	91	97	106	232	277	280	88	2	2	2
893	0.25	20.0	5	5	2.0	2	25	91	97	106	232	277	280	88	200	200	200
894	0.25	20.0	5	5	2.0	2495	25	91	97	106	232	277	280	88	2	2	2
895	0.25	20.0	5	5	2.0	2495	25	91	97	106	232	277	280	88	200	200	200
896	0.25	0.1	2	2	0.001	2	25	325	331	340	466	511	514	322	2	2	2
897	0.25	0.1	2	2	0.001	2	25	325	331	340	466	511	514	322	200	200	200
898	0.25	0.1	2	2	0.001	2495	25	325	331	340	466	511	514	322	2	2	2
899	0.25	0.1	2	2	0.001	2495	25	325	331	340	466	511	514	322	200	200	200
900	0.25	0.1	2	2	2.0	2	25	325	331	340	466	511	514	322	2	2	2
901	0.25	0.1	2	2	2.0	2	25	325	331	340	466	511	514	322	200	200	200
902	0.25	0.1	2	2	2.0	2495	25	325	331	340	466	511	514	322	2	2	2
903	0.25	0.1	2	2	2.0	2495	25	325	331	340	466	511	514	322	200	200	200
904	0.25	0.1	2	5	0.001	2	25	325	331	340	466	511	514	322	2	2	2
905	0.25	0.1	2	5	0.001	2	25	325	331	340	466	511	514	322	200	200	200
906	0.25	0.1	2	5	0.001	2495	25	325	331	340	466	511	514	322	2	2	2
907	0.25	0.1	2	5	0.001	2495	25	325	331	340	466	511	514	322	200	200	200
908	0.25	0.1	2	5	2.0	2	25	325	331	340	466	511	514	322	2	2	2
909	0.25	0.1	2	5	2.0	2	25	325	331	340	466	511	514	322	200	200	200
910	0.25	0.1	2	5	2.0	2495	25	325	331	340	466	511	514	322	2	2	2
911	0.25	0.1	2	5	2.0	2495	25	325	331	340	466	511	514	322	200	200	200
912	0.25	0.1	5	2	0.001	2	25	325	331	340	466	511	514	322	2	2	2
913	0.25	0.1	5	2	0.001	2	25	325	331	340	466	511	514	322	200	200	200
914	0.25	0.1	5	2	0.001	2495	25	325	331	340	466	511	514	322	2	2	2
915	0.25	0.1	5	2	0.001	2495	25	325	331	340	466	511	514	322	200	200	200
916	0.25	0.1	5	2	2.0	2	25	325	331	340	466	511	514	322	2	2	2
917	0.25	0.1	5	2	2.0	2	25	325	331	340	466	511	514	322	200	200	200
918	0.25	0.1	5	2	2.0	2495	25	325	331	340	466	511	514	322	2	2	2
919	0.25	0.1	5	2	2.0	2495	25	325	331	340	466	511	514	322	200	200	200
920	0.25	0.1	5	5	0.001	2	25	325	331	340	466	511	514	322	2	2	2
921	0.25	0.1	5	5	0.001	2	25	325	331	340	466	511	514	322	200	200	200
922	0.25	0.1	5	5	0.001	2495	25	325	331	340	466	511	514	322	2	2	2
923	0.25	0.1	5	5	0.001	2495	25	325	331	340	466	511	514	322	200	200	200
924	0.25	0.1	5	5	2.0	2	25	325	331	340	466	511	514	322	2	2	2
925	0.25	0.1	5	5	2.0	2	25	325	331	340	466	511	514	322	200	200	200
926	0.25	0.1	5	5	2.0	2495	25	325	331	340	466	511	514	322	2	2	2
927	0.25	0.1	5	5	2.0	2495	25	325	331	340	466	511	514	322	200	200	200
928	0.25	20.0	2	2	0.001	2	25	325	331	340	466	511	514	322	2	2	2
929	0.25	20.0	2	2	0.001	2	25	325	331	340	466	511	514	322	200	200	200
930	0.25	20.0	2	2	0.001	2495	25	325	331	340	466	511	514	322	2	2	2
931	0.25	20.0	2	2	0.001	2495	25	325	331	340	466	511	514	322	200	200	200
932	0.25	20.0	2	2	2.0	2	25	325	331	340	466	511	514	322	2	2	2
933	0.25	20.0	2	2	2.0	2	25	325	331	340	466	511	514	322	200	200	200
934	0.25	20.0	2	2	2.0	2495	25	325	331	340	466	511	514	322	2	2	2
935	0.25	20.0	2	2	2.0	2495	25	325	331	340	466	511	514	322	200	200	200
936	0.25	20.0	2	5	0.001	2	25	325	331	340	466	511	514	322	2	2	2
937	0.25	20.0	2	5	0.001	2	25	325	331	340	466	511	514	322	200	200	200
938	0.25	20.0	2	5	0.001	2495	25	325	331	340	466	511	514	322	2	2	2
939	0.25	20.0	2	5	0.001	2495	25	325	331	340	466	511	514	322	200	200	200
940	0.25	20.0	2	5	2.0	2	25	325	331	340	466	511	514	322	2	2	2
941	0.25	20.0	2	5	2.0	2	25	325	331	340	466	511	514	322	200	200	200
942	0.25	20.0	2	5	2.0	2495	25	325	331	340	466	511	514	322	2	2	2
943	0.25	20.0	2	5	2.0	2495	25	325	331	340	466	511	514	322	200	200	200
944	0.25	20.0	5	2	0.001	2	25	325	331	340	466	511	514	322	2	2	2
945	0.25	20.0	5	2	0.001	2	25	325	331	340	466	511	514	322	200	200	200
946	0.25	20.0	5	2	0.001	2495	25	325	331	340	466	511	514	322	2	2	2
947	0.25	20.0	5	2	0.001	2495	25	325	331	340	466	511	514	322	200	200	200
948	0.25	20.0	5	2	2.0	2	25	325	331	340	466	511	514	322	2	2	2
949	0.25	20.0	5	2	2.0	2	25	325	331	340	466	511	514	322	200	200	200
950	0.25	20.0	5	2	2.0	2495	25	325	331	340	466	511	514	322	2	2	2
951	0.25	20.0	5	2	2.0	2495	25	325	331	340	466	511	514	322	200	200	200
952	0.25	20.0	5	5	0.001	2	25	325	331	340	466	511	514	322	2	2	2
953	0.25	20.0	5	5	0.001	2	25	325	331	340	466	511	514	322	200	200	200
954	0.25	20.0	5	5	0.001	2495	25	325	331	340	466	511	514	322	2	2	2
955	0.25	20.0	5	5	0.001	2495	25	325	331	340	466	511	514	322	200	200	200
956	0.25	20.0	5	5	2.0	2	25	325	331	340	466	511	514	322	2	2	2
957	0.25	20.0	5	5	2.0	2	25	325	331	340	466	511	514	322	200	200	200
958	0.25	20.0	5	5	2.0	2495	25	325	331	340	466	511	514	322	2	2	2
959	0.25	20.0	5	5	2.0	2495	25	325	331	340	466	511	514	322	200	200	200
