sim_id	k_cap_bind	k_start_uorf2	k_elong_stall	k_terminated_ssu_recycle_uorf2	uorf2_start	uorf2_stop	uorf3_start	uorf3_stop	orf_start	orf_stop	l_mrna	x_stall	k_scan_term_5_hit_80s	k_scan_term_both_hit_80s_40s	k_scan_term_both_hit_80s_80s
0	0.015625	0.0	0.001	15.0	25	88	94	103	229	274	277	85	2	2	2
1	0.015625	0.0	0.001	5.0	25	88	94	103	229	274	277	85	2	2	2
2	0.015625	0.0	0.001	1.6666666666666667	25	88	94	103	229	274	277	85	2	2	2
3	0.015625	0.0	5.0	15.0	25	88	94	103	229	274	277	85	2	2	2
4	0.015625	0.0	5.0	5.0	25	88	94	103	229	274	277	85	2	2	2
5	0.015625	0.0	5.0	1.6666666666666667	25	88	94	103	229	274	277	85	2	2	2
6	0.015625	0.1	0.001	15.0	25	88	94	103	229	274	277	85	2	2	2
7	0.015625	0.1	0.001	5.0	25	88	94	103	229	274	277	85	2	2	2
8	0.015625	0.1	0.001	1.6666666666666667	25	88	94	103	229	274	277	85	2	2	2
9	0.015625	0.1	5.0	15.0	25	88	94	103	229	274	277	85	2	2	2
10	0.015625	0.1	5.0	5.0	25	88	94	103	229	274	277	85	2	2	2
11	0.015625	0.1	5.0	1.6666666666666667	25	88	94	103	229	274	277	85	2	2	2
12	0.015625	20.0	0.001	15.0	25	88	94	103	229	274	277	85	2	2	2
13	0.015625	20.0	0.001	5.0	25	88	94	103	229	274	277	85	2	2	2
14	0.015625	20.0	0.001	1.6666666666666667	25	88	94	103	229	274	277	85	2	2	2
15	0.015625	20.0	5.0	15.0	25	88	94	103	229	274	277	85	2	2	2
16	0.015625	20.0	5.0	5.0	25	88	94	103	229	274	277	85	2	2	2
17	0.015625	20.0	5.0	1.6666666666666667	25	88	94	103	229	274	277	85	2	2	2
18	0.015625	0.0	0.001	15.0	25	178	184	193	319	364	367	175	2	2	2
19	0.015625	0.0	0.001	5.0	25	178	184	193	319	364	367	175	2	2	2
20	0.015625	0.0	0.001	1.6666666666666667	25	178	184	193	319	364	367	175	2	2	2
21	0.015625	0.0	5.0	15.0	25	178	184	193	319	364	367	175	2	2	2
22	0.015625	0.0	5.0	5.0	25	178	184	193	319	364	367	175	2	2	2
23	0.015625	0.0	5.0	1.6666666666666667	25	178	184	193	319	364	367	175	2	2	2
24	0.015625	0.1	0.001	15.0	25	178	184	193	319	364	367	175	2	2	2
25	0.015625	0.1	0.001	5.0	25	178	184	193	319	364	367	175	2	2	2
26	0.015625	0.1	0.001	1.6666666666666667	25	178	184	193	319	364	367	175	2	2	2
27	0.015625	0.1	5.0	15.0	25	178	184	193	319	364	367	175	2	2	2
28	0.015625	0.1	5.0	5.0	25	178	184	193	319	364	367	175	2	2	2
29	0.015625	0.1	5.0	1.6666666666666667	25	178	184	193	319	364	367	175	2	2	2
30	0.015625	20.0	0.001	15.0	25	178	184	193	319	364	367	175	2	2	2
31	0.015625	20.0	0.001	5.0	25	178	184	193	319	364	367	175	2	2	2
32	0.015625	20.0	0.001	1.6666666666666667	25	178	184	193	319	364	367	175	2	2	2
33	0.015625	20.0	5.0	15.0	25	178	184	193	319	364	367	175	2	2	2
34	0.015625	20.0	5.0	5.0	25	178	184	193	319	364	367	175	2	2	2
35	0.015625	20.0	5.0	1.6666666666666667	25	178	184	193	319	364	367	175	2	2	2
36	0.015625	0.0	0.001	15.0	25	268	274	283	409	454	457	265	2	2	2
37	0.015625	0.0	0.001	5.0	25	268	274	283	409	454	457	265	2	2	2
38	0.015625	0.0	0.001	1.6666666666666667	25	268	274	283	409	454	457	265	2	2	2
39	0.015625	0.0	5.0	15.0	25	268	274	283	409	454	457	265	2	2	2
40	0.015625	0.0	5.0	5.0	25	268	274	283	409	454	457	265	2	2	2
41	0.015625	0.0	5.0	1.6666666666666667	25	268	274	283	409	454	457	265	2	2	2
42	0.015625	0.1	0.001	15.0	25	268	274	283	409	454	457	265	2	2	2
43	0.015625	0.1	0.001	5.0	25	268	274	283	409	454	457	265	2	2	2
44	0.015625	0.1	0.001	1.6666666666666667	25	268	274	283	409	454	457	265	2	2	2
45	0.015625	0.1	5.0	15.0	25	268	274	283	409	454	457	265	2	2	2
46	0.015625	0.1	5.0	5.0	25	268	274	283	409	454	457	265	2	2	2
47	0.015625	0.1	5.0	1.6666666666666667	25	268	274	283	409	454	457	265	2	2	2
48	0.015625	20.0	0.001	15.0	25	268	274	283	409	454	457	265	2	2	2
49	0.015625	20.0	0.001	5.0	25	268	274	283	409	454	457	265	2	2	2
50	0.015625	20.0	0.001	1.6666666666666667	25	268	274	283	409	454	457	265	2	2	2
51	0.015625	20.0	5.0	15.0	25	268	274	283	409	454	457	265	2	2	2
52	0.015625	20.0	5.0	5.0	25	268	274	283	409	454	457	265	2	2	2
53	0.015625	20.0	5.0	1.6666666666666667	25	268	274	283	409	454	457	265	2	2	2
54	0.015625	0.0	0.001	15.0	25	358	364	373	499	544	547	355	2	2	2
55	0.015625	0.0	0.001	5.0	25	358	364	373	499	544	547	355	2	2	2
56	0.015625	0.0	0.001	1.6666666666666667	25	358	364	373	499	544	547	355	2	2	2
57	0.015625	0.0	5.0	15.0	25	358	364	373	499	544	547	355	2	2	2
58	0.015625	0.0	5.0	5.0	25	358	364	373	499	544	547	355	2	2	2
59	0.015625	0.0	5.0	1.6666666666666667	25	358	364	373	499	544	547	355	2	2	2
60	0.015625	0.1	0.001	15.0	25	358	364	373	499	544	547	355	2	2	2
61	0.015625	0.1	0.001	5.0	25	358	364	373	499	544	547	355	2	2	2
62	0.015625	0.1	0.001	1.6666666666666667	25	358	364	373	499	544	547	355	2	2	2
63	0.015625	0.1	5.0	15.0	25	358	364	373	499	544	547	355	2	2	2
64	0.015625	0.1	5.0	5.0	25	358	364	373	499	544	547	355	2	2	2
65	0.015625	0.1	5.0	1.6666666666666667	25	358	364	373	499	544	547	355	2	2	2
66	0.015625	20.0	0.001	15.0	25	358	364	373	499	544	547	355	2	2	2
67	0.015625	20.0	0.001	5.0	25	358	364	373	499	544	547	355	2	2	2
68	0.015625	20.0	0.001	1.6666666666666667	25	358	364	373	499	544	547	355	2	2	2
69	0.015625	20.0	5.0	15.0	25	358	364	373	499	544	547	355	2	2	2
70	0.015625	20.0	5.0	5.0	25	358	364	373	499	544	547	355	2	2	2
71	0.015625	20.0	5.0	1.6666666666666667	25	358	364	373	499	544	547	355	2	2	2
72	0.03125	0.0	0.001	15.0	25	88	94	103	229	274	277	85	2	2	2
73	0.03125	0.0	0.001	5.0	25	88	94	103	229	274	277	85	2	2	2
74	0.03125	0.0	0.001	1.6666666666666667	25	88	94	103	229	274	277	85	2	2	2
75	0.03125	0.0	5.0	15.0	25	88	94	103	229	274	277	85	2	2	2
76	0.03125	0.0	5.0	5.0	25	88	94	103	229	274	277	85	2	2	2
77	0.03125	0.0	5.0	1.6666666666666667	25	88	94	103	229	274	277	85	2	2	2
78	0.03125	0.1	0.001	15.0	25	88	94	103	229	274	277	85	2	2	2
79	0.03125	0.1	0.001	5.0	25	88	94	103	229	274	277	85	2	2	2
80	0.03125	0.1	0.001	1.6666666666666667	25	88	94	103	229	274	277	85	2	2	2
81	0.03125	0.1	5.0	15.0	25	88	94	103	229	274	277	85	2	2	2
82	0.03125	0.1	5.0	5.0	25	88	94	103	229	274	277	85	2	2	2
83	0.03125	0.1	5.0	1.6666666666666667	25	88	94	103	229	274	277	85	2	2	2
84	0.03125	20.0	0.001	15.0	25	88	94	103	229	274	277	85	2	2	2
85	0.03125	20.0	0.001	5.0	25	88	94	103	229	274	277	85	2	2	2
86	0.03125	20.0	0.001	1.6666666666666667	25	88	94	103	229	274	277	85	2	2	2
87	0.03125	20.0	5.0	15.0	25	88	94	103	229	274	277	85	2	2	2
88	0.03125	20.0	5.0	5.0	25	88	94	103	229	274	277	85	2	2	2
89	0.03125	20.0	5.0	1.6666666666666667	25	88	94	103	229	274	277	85	2	2	2
90	0.03125	0.0	0.001	15.0	25	178	184	193	319	364	367	175	2	2	2
91	0.03125	0.0	0.001	5.0	25	178	184	193	319	364	367	175	2	2	2
92	0.03125	0.0	0.001	1.6666666666666667	25	178	184	193	319	364	367	175	2	2	2
93	0.03125	0.0	5.0	15.0	25	178	184	193	319	364	367	175	2	2	2
94	0.03125	0.0	5.0	5.0	25	178	184	193	319	364	367	175	2	2	2
95	0.03125	0.0	5.0	1.6666666666666667	25	178	184	193	319	364	367	175	2	2	2
96	0.03125	0.1	0.001	15.0	25	178	184	193	319	364	367	175	2	2	2
97	0.03125	0.1	0.001	5.0	25	178	184	193	319	364	367	175	2	2	2
98	0.03125	0.1	0.001	1.6666666666666667	25	178	184	193	319	364	367	175	2	2	2
99	0.03125	0.1	5.0	15.0	25	178	184	193	319	364	367	175	2	2	2
100	0.03125	0.1	5.0	5.0	25	178	184	193	319	364	367	175	2	2	2
101	0.03125	0.1	5.0	1.6666666666666667	25	178	184	193	319	364	367	175	2	2	2
102	0.03125	20.0	0.001	15.0	25	178	184	193	319	364	367	175	2	2	2
103	0.03125	20.0	0.001	5.0	25	178	184	193	319	364	367	175	2	2	2
104	0.03125	20.0	0.001	1.6666666666666667	25	178	184	193	319	364	367	175	2	2	2
105	0.03125	20.0	5.0	15.0	25	178	184	193	319	364	367	175	2	2	2
106	0.03125	20.0	5.0	5.0	25	178	184	193	319	364	367	175	2	2	2
107	0.03125	20.0	5.0	1.6666666666666667	25	178	184	193	319	364	367	175	2	2	2
108	0.03125	0.0	0.001	15.0	25	268	274	283	409	454	457	265	2	2	2
109	0.03125	0.0	0.001	5.0	25	268	274	283	409	454	457	265	2	2	2
110	0.03125	0.0	0.001	1.6666666666666667	25	268	274	283	409	454	457	265	2	2	2
111	0.03125	0.0	5.0	15.0	25	268	274	283	409	454	457	265	2	2	2
112	0.03125	0.0	5.0	5.0	25	268	274	283	409	454	457	265	2	2	2
113	0.03125	0.0	5.0	1.6666666666666667	25	268	274	283	409	454	457	265	2	2	2
114	0.03125	0.1	0.001	15.0	25	268	274	283	409	454	457	265	2	2	2
115	0.03125	0.1	0.001	5.0	25	268	274	283	409	454	457	265	2	2	2
116	0.03125	0.1	0.001	1.6666666666666667	25	268	274	283	409	454	457	265	2	2	2
117	0.03125	0.1	5.0	15.0	25	268	274	283	409	454	457	265	2	2	2
118	0.03125	0.1	5.0	5.0	25	268	274	283	409	454	457	265	2	2	2
119	0.03125	0.1	5.0	1.6666666666666667	25	268	274	283	409	454	457	265	2	2	2
120	0.03125	20.0	0.001	15.0	25	268	274	283	409	454	457	265	2	2	2
121	0.03125	20.0	0.001	5.0	25	268	274	283	409	454	457	265	2	2	2
122	0.03125	20.0	0.001	1.6666666666666667	25	268	274	283	409	454	457	265	2	2	2
123	0.03125	20.0	5.0	15.0	25	268	274	283	409	454	457	265	2	2	2
124	0.03125	20.0	5.0	5.0	25	268	274	283	409	454	457	265	2	2	2
125	0.03125	20.0	5.0	1.6666666666666667	25	268	274	283	409	454	457	265	2	2	2
126	0.03125	0.0	0.001	15.0	25	358	364	373	499	544	547	355	2	2	2
127	0.03125	0.0	0.001	5.0	25	358	364	373	499	544	547	355	2	2	2
128	0.03125	0.0	0.001	1.6666666666666667	25	358	364	373	499	544	547	355	2	2	2
129	0.03125	0.0	5.0	15.0	25	358	364	373	499	544	547	355	2	2	2
130	0.03125	0.0	5.0	5.0	25	358	364	373	499	544	547	355	2	2	2
131	0.03125	0.0	5.0	1.6666666666666667	25	358	364	373	499	544	547	355	2	2	2
132	0.03125	0.1	0.001	15.0	25	358	364	373	499	544	547	355	2	2	2
133	0.03125	0.1	0.001	5.0	25	358	364	373	499	544	547	355	2	2	2
134	0.03125	0.1	0.001	1.6666666666666667	25	358	364	373	499	544	547	355	2	2	2
135	0.03125	0.1	5.0	15.0	25	358	364	373	499	544	547	355	2	2	2
136	0.03125	0.1	5.0	5.0	25	358	364	373	499	544	547	355	2	2	2
137	0.03125	0.1	5.0	1.6666666666666667	25	358	364	373	499	544	547	355	2	2	2
138	0.03125	20.0	0.001	15.0	25	358	364	373	499	544	547	355	2	2	2
139	0.03125	20.0	0.001	5.0	25	358	364	373	499	544	547	355	2	2	2
140	0.03125	20.0	0.001	1.6666666666666667	25	358	364	373	499	544	547	355	2	2	2
141	0.03125	20.0	5.0	15.0	25	358	364	373	499	544	547	355	2	2	2
142	0.03125	20.0	5.0	5.0	25	358	364	373	499	544	547	355	2	2	2
143	0.03125	20.0	5.0	1.6666666666666667	25	358	364	373	499	544	547	355	2	2	2
144	0.0625	0.0	0.001	15.0	25	88	94	103	229	274	277	85	2	2	2
145	0.0625	0.0	0.001	5.0	25	88	94	103	229	274	277	85	2	2	2
146	0.0625	0.0	0.001	1.6666666666666667	25	88	94	103	229	274	277	85	2	2	2
147	0.0625	0.0	5.0	15.0	25	88	94	103	229	274	277	85	2	2	2
148	0.0625	0.0	5.0	5.0	25	88	94	103	229	274	277	85	2	2	2
149	0.0625	0.0	5.0	1.6666666666666667	25	88	94	103	229	274	277	85	2	2	2
150	0.0625	0.1	0.001	15.0	25	88	94	103	229	274	277	85	2	2	2
151	0.0625	0.1	0.001	5.0	25	88	94	103	229	274	277	85	2	2	2
152	0.0625	0.1	0.001	1.6666666666666667	25	88	94	103	229	274	277	85	2	2	2
153	0.0625	0.1	5.0	15.0	25	88	94	103	229	274	277	85	2	2	2
154	0.0625	0.1	5.0	5.0	25	88	94	103	229	274	277	85	2	2	2
155	0.0625	0.1	5.0	1.6666666666666667	25	88	94	103	229	274	277	85	2	2	2
156	0.0625	20.0	0.001	15.0	25	88	94	103	229	274	277	85	2	2	2
157	0.0625	20.0	0.001	5.0	25	88	94	103	229	274	277	85	2	2	2
158	0.0625	20.0	0.001	1.6666666666666667	25	88	94	103	229	274	277	85	2	2	2
159	0.0625	20.0	5.0	15.0	25	88	94	103	229	274	277	85	2	2	2
160	0.0625	20.0	5.0	5.0	25	88	94	103	229	274	277	85	2	2	2
161	0.0625	20.0	5.0	1.6666666666666667	25	88	94	103	229	274	277	85	2	2	2
162	0.0625	0.0	0.001	15.0	25	178	184	193	319	364	367	175	2	2	2
163	0.0625	0.0	0.001	5.0	25	178	184	193	319	364	367	175	2	2	2
164	0.0625	0.0	0.001	1.6666666666666667	25	178	184	193	319	364	367	175	2	2	2
165	0.0625	0.0	5.0	15.0	25	178	184	193	319	364	367	175	2	2	2
166	0.0625	0.0	5.0	5.0	25	178	184	193	319	364	367	175	2	2	2
167	0.0625	0.0	5.0	1.6666666666666667	25	178	184	193	319	364	367	175	2	2	2
168	0.0625	0.1	0.001	15.0	25	178	184	193	319	364	367	175	2	2	2
169	0.0625	0.1	0.001	5.0	25	178	184	193	319	364	367	175	2	2	2
170	0.0625	0.1	0.001	1.6666666666666667	25	178	184	193	319	364	367	175	2	2	2
171	0.0625	0.1	5.0	15.0	25	178	184	193	319	364	367	175	2	2	2
172	0.0625	0.1	5.0	5.0	25	178	184	193	319	364	367	175	2	2	2
173	0.0625	0.1	5.0	1.6666666666666667	25	178	184	193	319	364	367	175	2	2	2
174	0.0625	20.0	0.001	15.0	25	178	184	193	319	364	367	175	2	2	2
175	0.0625	20.0	0.001	5.0	25	178	184	193	319	364	367	175	2	2	2
176	0.0625	20.0	0.001	1.6666666666666667	25	178	184	193	319	364	367	175	2	2	2
177	0.0625	20.0	5.0	15.0	25	178	184	193	319	364	367	175	2	2	2
178	0.0625	20.0	5.0	5.0	25	178	184	193	319	364	367	175	2	2	2
179	0.0625	20.0	5.0	1.6666666666666667	25	178	184	193	319	364	367	175	2	2	2
180	0.0625	0.0	0.001	15.0	25	268	274	283	409	454	457	265	2	2	2
181	0.0625	0.0	0.001	5.0	25	268	274	283	409	454	457	265	2	2	2
182	0.0625	0.0	0.001	1.6666666666666667	25	268	274	283	409	454	457	265	2	2	2
183	0.0625	0.0	5.0	15.0	25	268	274	283	409	454	457	265	2	2	2
184	0.0625	0.0	5.0	5.0	25	268	274	283	409	454	457	265	2	2	2
185	0.0625	0.0	5.0	1.6666666666666667	25	268	274	283	409	454	457	265	2	2	2
186	0.0625	0.1	0.001	15.0	25	268	274	283	409	454	457	265	2	2	2
187	0.0625	0.1	0.001	5.0	25	268	274	283	409	454	457	265	2	2	2
188	0.0625	0.1	0.001	1.6666666666666667	25	268	274	283	409	454	457	265	2	2	2
189	0.0625	0.1	5.0	15.0	25	268	274	283	409	454	457	265	2	2	2
190	0.0625	0.1	5.0	5.0	25	268	274	283	409	454	457	265	2	2	2
191	0.0625	0.1	5.0	1.6666666666666667	25	268	274	283	409	454	457	265	2	2	2
192	0.0625	20.0	0.001	15.0	25	268	274	283	409	454	457	265	2	2	2
193	0.0625	20.0	0.001	5.0	25	268	274	283	409	454	457	265	2	2	2
194	0.0625	20.0	0.001	1.6666666666666667	25	268	274	283	409	454	457	265	2	2	2
195	0.0625	20.0	5.0	15.0	25	268	274	283	409	454	457	265	2	2	2
196	0.0625	20.0	5.0	5.0	25	268	274	283	409	454	457	265	2	2	2
197	0.0625	20.0	5.0	1.6666666666666667	25	268	274	283	409	454	457	265	2	2	2
198	0.0625	0.0	0.001	15.0	25	358	364	373	499	544	547	355	2	2	2
199	0.0625	0.0	0.001	5.0	25	358	364	373	499	544	547	355	2	2	2
200	0.0625	0.0	0.001	1.6666666666666667	25	358	364	373	499	544	547	355	2	2	2
201	0.0625	0.0	5.0	15.0	25	358	364	373	499	544	547	355	2	2	2
202	0.0625	0.0	5.0	5.0	25	358	364	373	499	544	547	355	2	2	2
203	0.0625	0.0	5.0	1.6666666666666667	25	358	364	373	499	544	547	355	2	2	2
204	0.0625	0.1	0.001	15.0	25	358	364	373	499	544	547	355	2	2	2
205	0.0625	0.1	0.001	5.0	25	358	364	373	499	544	547	355	2	2	2
206	0.0625	0.1	0.001	1.6666666666666667	25	358	364	373	499	544	547	355	2	2	2
207	0.0625	0.1	5.0	15.0	25	358	364	373	499	544	547	355	2	2	2
208	0.0625	0.1	5.0	5.0	25	358	364	373	499	544	547	355	2	2	2
209	0.0625	0.1	5.0	1.6666666666666667	25	358	364	373	499	544	547	355	2	2	2
210	0.0625	20.0	0.001	15.0	25	358	364	373	499	544	547	355	2	2	2
211	0.0625	20.0	0.001	5.0	25	358	364	373	499	544	547	355	2	2	2
212	0.0625	20.0	0.001	1.6666666666666667	25	358	364	373	499	544	547	355	2	2	2
213	0.0625	20.0	5.0	15.0	25	358	364	373	499	544	547	355	2	2	2
214	0.0625	20.0	5.0	5.0	25	358	364	373	499	544	547	355	2	2	2
215	0.0625	20.0	5.0	1.6666666666666667	25	358	364	373	499	544	547	355	2	2	2
216	0.125	0.0	0.001	15.0	25	88	94	103	229	274	277	85	2	2	2
217	0.125	0.0	0.001	5.0	25	88	94	103	229	274	277	85	2	2	2
218	0.125	0.0	0.001	1.6666666666666667	25	88	94	103	229	274	277	85	2	2	2
219	0.125	0.0	5.0	15.0	25	88	94	103	229	274	277	85	2	2	2
220	0.125	0.0	5.0	5.0	25	88	94	103	229	274	277	85	2	2	2
221	0.125	0.0	5.0	1.6666666666666667	25	88	94	103	229	274	277	85	2	2	2
222	0.125	0.1	0.001	15.0	25	88	94	103	229	274	277	85	2	2	2
223	0.125	0.1	0.001	5.0	25	88	94	103	229	274	277	85	2	2	2
224	0.125	0.1	0.001	1.6666666666666667	25	88	94	103	229	274	277	85	2	2	2
225	0.125	0.1	5.0	15.0	25	88	94	103	229	274	277	85	2	2	2
226	0.125	0.1	5.0	5.0	25	88	94	103	229	274	277	85	2	2	2
227	0.125	0.1	5.0	1.6666666666666667	25	88	94	103	229	274	277	85	2	2	2
228	0.125	20.0	0.001	15.0	25	88	94	103	229	274	277	85	2	2	2
229	0.125	20.0	0.001	5.0	25	88	94	103	229	274	277	85	2	2	2
230	0.125	20.0	0.001	1.6666666666666667	25	88	94	103	229	274	277	85	2	2	2
231	0.125	20.0	5.0	15.0	25	88	94	103	229	274	277	85	2	2	2
232	0.125	20.0	5.0	5.0	25	88	94	103	229	274	277	85	2	2	2
233	0.125	20.0	5.0	1.6666666666666667	25	88	94	103	229	274	277	85	2	2	2
234	0.125	0.0	0.001	15.0	25	178	184	193	319	364	367	175	2	2	2
235	0.125	0.0	0.001	5.0	25	178	184	193	319	364	367	175	2	2	2
236	0.125	0.0	0.001	1.6666666666666667	25	178	184	193	319	364	367	175	2	2	2
237	0.125	0.0	5.0	15.0	25	178	184	193	319	364	367	175	2	2	2
238	0.125	0.0	5.0	5.0	25	178	184	193	319	364	367	175	2	2	2
239	0.125	0.0	5.0	1.6666666666666667	25	178	184	193	319	364	367	175	2	2	2
240	0.125	0.1	0.001	15.0	25	178	184	193	319	364	367	175	2	2	2
241	0.125	0.1	0.001	5.0	25	178	184	193	319	364	367	175	2	2	2
242	0.125	0.1	0.001	1.6666666666666667	25	178	184	193	319	364	367	175	2	2	2
243	0.125	0.1	5.0	15.0	25	178	184	193	319	364	367	175	2	2	2
244	0.125	0.1	5.0	5.0	25	178	184	193	319	364	367	175	2	2	2
245	0.125	0.1	5.0	1.6666666666666667	25	178	184	193	319	364	367	175	2	2	2
246	0.125	20.0	0.001	15.0	25	178	184	193	319	364	367	175	2	2	2
247	0.125	20.0	0.001	5.0	25	178	184	193	319	364	367	175	2	2	2
248	0.125	20.0	0.001	1.6666666666666667	25	178	184	193	319	364	367	175	2	2	2
249	0.125	20.0	5.0	15.0	25	178	184	193	319	364	367	175	2	2	2
250	0.125	20.0	5.0	5.0	25	178	184	193	319	364	367	175	2	2	2
251	0.125	20.0	5.0	1.6666666666666667	25	178	184	193	319	364	367	175	2	2	2
252	0.125	0.0	0.001	15.0	25	268	274	283	409	454	457	265	2	2	2
253	0.125	0.0	0.001	5.0	25	268	274	283	409	454	457	265	2	2	2
254	0.125	0.0	0.001	1.6666666666666667	25	268	274	283	409	454	457	265	2	2	2
255	0.125	0.0	5.0	15.0	25	268	274	283	409	454	457	265	2	2	2
256	0.125	0.0	5.0	5.0	25	268	274	283	409	454	457	265	2	2	2
257	0.125	0.0	5.0	1.6666666666666667	25	268	274	283	409	454	457	265	2	2	2
258	0.125	0.1	0.001	15.0	25	268	274	283	409	454	457	265	2	2	2
259	0.125	0.1	0.001	5.0	25	268	274	283	409	454	457	265	2	2	2
260	0.125	0.1	0.001	1.6666666666666667	25	268	274	283	409	454	457	265	2	2	2
261	0.125	0.1	5.0	15.0	25	268	274	283	409	454	457	265	2	2	2
262	0.125	0.1	5.0	5.0	25	268	274	283	409	454	457	265	2	2	2
263	0.125	0.1	5.0	1.6666666666666667	25	268	274	283	409	454	457	265	2	2	2
264	0.125	20.0	0.001	15.0	25	268	274	283	409	454	457	265	2	2	2
265	0.125	20.0	0.001	5.0	25	268	274	283	409	454	457	265	2	2	2
266	0.125	20.0	0.001	1.6666666666666667	25	268	274	283	409	454	457	265	2	2	2
267	0.125	20.0	5.0	15.0	25	268	274	283	409	454	457	265	2	2	2
268	0.125	20.0	5.0	5.0	25	268	274	283	409	454	457	265	2	2	2
269	0.125	20.0	5.0	1.6666666666666667	25	268	274	283	409	454	457	265	2	2	2
270	0.125	0.0	0.001	15.0	25	358	364	373	499	544	547	355	2	2	2
271	0.125	0.0	0.001	5.0	25	358	364	373	499	544	547	355	2	2	2
272	0.125	0.0	0.001	1.6666666666666667	25	358	364	373	499	544	547	355	2	2	2
273	0.125	0.0	5.0	15.0	25	358	364	373	499	544	547	355	2	2	2
274	0.125	0.0	5.0	5.0	25	358	364	373	499	544	547	355	2	2	2
275	0.125	0.0	5.0	1.6666666666666667	25	358	364	373	499	544	547	355	2	2	2
276	0.125	0.1	0.001	15.0	25	358	364	373	499	544	547	355	2	2	2
277	0.125	0.1	0.001	5.0	25	358	364	373	499	544	547	355	2	2	2
278	0.125	0.1	0.001	1.6666666666666667	25	358	364	373	499	544	547	355	2	2	2
279	0.125	0.1	5.0	15.0	25	358	364	373	499	544	547	355	2	2	2
280	0.125	0.1	5.0	5.0	25	358	364	373	499	544	547	355	2	2	2
281	0.125	0.1	5.0	1.6666666666666667	25	358	364	373	499	544	547	355	2	2	2
282	0.125	20.0	0.001	15.0	25	358	364	373	499	544	547	355	2	2	2
283	0.125	20.0	0.001	5.0	25	358	364	373	499	544	547	355	2	2	2
284	0.125	20.0	0.001	1.6666666666666667	25	358	364	373	499	544	547	355	2	2	2
285	0.125	20.0	5.0	15.0	25	358	364	373	499	544	547	355	2	2	2
286	0.125	20.0	5.0	5.0	25	358	364	373	499	544	547	355	2	2	2
287	0.125	20.0	5.0	1.6666666666666667	25	358	364	373	499	544	547	355	2	2	2
288	0.25	0.0	0.001	15.0	25	88	94	103	229	274	277	85	2	2	2
289	0.25	0.0	0.001	5.0	25	88	94	103	229	274	277	85	2	2	2
290	0.25	0.0	0.001	1.6666666666666667	25	88	94	103	229	274	277	85	2	2	2
291	0.25	0.0	5.0	15.0	25	88	94	103	229	274	277	85	2	2	2
292	0.25	0.0	5.0	5.0	25	88	94	103	229	274	277	85	2	2	2
293	0.25	0.0	5.0	1.6666666666666667	25	88	94	103	229	274	277	85	2	2	2
294	0.25	0.1	0.001	15.0	25	88	94	103	229	274	277	85	2	2	2
295	0.25	0.1	0.001	5.0	25	88	94	103	229	274	277	85	2	2	2
296	0.25	0.1	0.001	1.6666666666666667	25	88	94	103	229	274	277	85	2	2	2
297	0.25	0.1	5.0	15.0	25	88	94	103	229	274	277	85	2	2	2
298	0.25	0.1	5.0	5.0	25	88	94	103	229	274	277	85	2	2	2
299	0.25	0.1	5.0	1.6666666666666667	25	88	94	103	229	274	277	85	2	2	2
300	0.25	20.0	0.001	15.0	25	88	94	103	229	274	277	85	2	2	2
301	0.25	20.0	0.001	5.0	25	88	94	103	229	274	277	85	2	2	2
302	0.25	20.0	0.001	1.6666666666666667	25	88	94	103	229	274	277	85	2	2	2
303	0.25	20.0	5.0	15.0	25	88	94	103	229	274	277	85	2	2	2
304	0.25	20.0	5.0	5.0	25	88	94	103	229	274	277	85	2	2	2
305	0.25	20.0	5.0	1.6666666666666667	25	88	94	103	229	274	277	85	2	2	2
306	0.25	0.0	0.001	15.0	25	178	184	193	319	364	367	175	2	2	2
307	0.25	0.0	0.001	5.0	25	178	184	193	319	364	367	175	2	2	2
308	0.25	0.0	0.001	1.6666666666666667	25	178	184	193	319	364	367	175	2	2	2
309	0.25	0.0	5.0	15.0	25	178	184	193	319	364	367	175	2	2	2
310	0.25	0.0	5.0	5.0	25	178	184	193	319	364	367	175	2	2	2
311	0.25	0.0	5.0	1.6666666666666667	25	178	184	193	319	364	367	175	2	2	2
312	0.25	0.1	0.001	15.0	25	178	184	193	319	364	367	175	2	2	2
313	0.25	0.1	0.001	5.0	25	178	184	193	319	364	367	175	2	2	2
314	0.25	0.1	0.001	1.6666666666666667	25	178	184	193	319	364	367	175	2	2	2
315	0.25	0.1	5.0	15.0	25	178	184	193	319	364	367	175	2	2	2
316	0.25	0.1	5.0	5.0	25	178	184	193	319	364	367	175	2	2	2
317	0.25	0.1	5.0	1.6666666666666667	25	178	184	193	319	364	367	175	2	2	2
318	0.25	20.0	0.001	15.0	25	178	184	193	319	364	367	175	2	2	2
319	0.25	20.0	0.001	5.0	25	178	184	193	319	364	367	175	2	2	2
320	0.25	20.0	0.001	1.6666666666666667	25	178	184	193	319	364	367	175	2	2	2
321	0.25	20.0	5.0	15.0	25	178	184	193	319	364	367	175	2	2	2
322	0.25	20.0	5.0	5.0	25	178	184	193	319	364	367	175	2	2	2
323	0.25	20.0	5.0	1.6666666666666667	25	178	184	193	319	364	367	175	2	2	2
324	0.25	0.0	0.001	15.0	25	268	274	283	409	454	457	265	2	2	2
325	0.25	0.0	0.001	5.0	25	268	274	283	409	454	457	265	2	2	2
326	0.25	0.0	0.001	1.6666666666666667	25	268	274	283	409	454	457	265	2	2	2
327	0.25	0.0	5.0	15.0	25	268	274	283	409	454	457	265	2	2	2
328	0.25	0.0	5.0	5.0	25	268	274	283	409	454	457	265	2	2	2
329	0.25	0.0	5.0	1.6666666666666667	25	268	274	283	409	454	457	265	2	2	2
330	0.25	0.1	0.001	15.0	25	268	274	283	409	454	457	265	2	2	2
331	0.25	0.1	0.001	5.0	25	268	274	283	409	454	457	265	2	2	2
332	0.25	0.1	0.001	1.6666666666666667	25	268	274	283	409	454	457	265	2	2	2
333	0.25	0.1	5.0	15.0	25	268	274	283	409	454	457	265	2	2	2
334	0.25	0.1	5.0	5.0	25	268	274	283	409	454	457	265	2	2	2
335	0.25	0.1	5.0	1.6666666666666667	25	268	274	283	409	454	457	265	2	2	2
336	0.25	20.0	0.001	15.0	25	268	274	283	409	454	457	265	2	2	2
337	0.25	20.0	0.001	5.0	25	268	274	283	409	454	457	265	2	2	2
338	0.25	20.0	0.001	1.6666666666666667	25	268	274	283	409	454	457	265	2	2	2
339	0.25	20.0	5.0	15.0	25	268	274	283	409	454	457	265	2	2	2
340	0.25	20.0	5.0	5.0	25	268	274	283	409	454	457	265	2	2	2
341	0.25	20.0	5.0	1.6666666666666667	25	268	274	283	409	454	457	265	2	2	2
342	0.25	0.0	0.001	15.0	25	358	364	373	499	544	547	355	2	2	2
343	0.25	0.0	0.001	5.0	25	358	364	373	499	544	547	355	2	2	2
344	0.25	0.0	0.001	1.6666666666666667	25	358	364	373	499	544	547	355	2	2	2
345	0.25	0.0	5.0	15.0	25	358	364	373	499	544	547	355	2	2	2
346	0.25	0.0	5.0	5.0	25	358	364	373	499	544	547	355	2	2	2
347	0.25	0.0	5.0	1.6666666666666667	25	358	364	373	499	544	547	355	2	2	2
348	0.25	0.1	0.001	15.0	25	358	364	373	499	544	547	355	2	2	2
349	0.25	0.1	0.001	5.0	25	358	364	373	499	544	547	355	2	2	2
350	0.25	0.1	0.001	1.6666666666666667	25	358	364	373	499	544	547	355	2	2	2
351	0.25	0.1	5.0	15.0	25	358	364	373	499	544	547	355	2	2	2
352	0.25	0.1	5.0	5.0	25	358	364	373	499	544	547	355	2	2	2
353	0.25	0.1	5.0	1.6666666666666667	25	358	364	373	499	544	547	355	2	2	2
354	0.25	20.0	0.001	15.0	25	358	364	373	499	544	547	355	2	2	2
355	0.25	20.0	0.001	5.0	25	358	364	373	499	544	547	355	2	2	2
356	0.25	20.0	0.001	1.6666666666666667	25	358	364	373	499	544	547	355	2	2	2
357	0.25	20.0	5.0	15.0	25	358	364	373	499	544	547	355	2	2	2
358	0.25	20.0	5.0	5.0	25	358	364	373	499	544	547	355	2	2	2
359	0.25	20.0	5.0	1.6666666666666667	25	358	364	373	499	544	547	355	2	2	2
